"ORDER_SEQID","C_CODE","SHORT_NAME","PO_NO_TYPE","PO_NO","C_PART_NO","PART_NO","PN_DESC","C_PRICE","IS_TAX","TAX_RATE","SPEC_DESC","COMM_DESC","AMOUNT","MONEY","DELIVERY_AMOUNT","COMM_DELIVERY_AMOUNT","SELF_DELIVERY_AMOUNT","LOCK_AMOUNT","SELF_LOCK_AMOUNT","COMM_LOCK_AMOUNT","ORG_DELIVERY_DATE","PRE_DELIVERY_DATE","VER_DELIVERY_DATE","PERIOD","RLT_ORDER_PO_NO","VENDOR_CODE","STATE","ACTIVE_STATE","RLT_SEND_PO_NO","DELIVERY_HOUSE_TYPE","SETTLEMENT_TYPE","STAFF_ID","STAFF_NAME","SALES_ID","SALES","CONTACT_FEE","C_PRICE_TAX","ORDERAMOUNT"
1,"GC0049","美赛达","0","CG-10-04-13-039","10522UH01","GCRH4D28-220NC","4D28 22UH +/-25%",0.51,"0",0,"送货单请注明安防用",NULL,44000,22440,0,0,0,0,0,0,"2010-08-09",NULL,NULL,"201008","CKCK","GV0005","20","ACTIVE",NULL,"1","1","8","谢冰冰","6","蒋忠旭",0,0,44000
2,"GC0049","美赛达","0","CG-10-04-13-039","10510UH01","GCRH5D18-100NC","5D18 10UH +/-25%",0.51,"0",0,"",NULL,8000,4080,0,0,0,0,0,0,"2010-08-09",NULL,NULL,"201008","CKCK","GV0005","20","ACTIVE",NULL,"1","1","8","谢冰冰","6","蒋忠旭",0,0,8000
3,"GC0130","济南玉兔","0","GH20100245","470UH 7032","GSLF7032T-471M","7032 470UH +/-20%",0.8,"0",0,"",NULL,1000,800,0,0,0,0,0,0,"2010-08-09",NULL,NULL,"201008","CKCQ","GV0004","20","ACTIVE",NULL,"1","3","8","谢冰冰","2","曾跃群",0,0,1000
4,"GC0065","兴日洋","0","W201005065","L5D284U702","GCRH5D28-4R7NC","5D28 4.7UH +/-25%",0.5,"0",0,"",NULL,1000,500,0,0,0,0,0,0,"2010-05-13",NULL,NULL,"201008","CKKC","GV0005","20","ACTIVE",NULL,"1","1","8","谢冰冰","6","蒋忠旭",0,0,1000
5,"GC0049","美赛达","0","CG-10-04-13-039","10510UH08","GCRH8D28-100M","8D28 10UH +/-20%",0.75,"0",0,"",NULL,12000,9000,0,0,0,0,0,0,"2010-08-09",NULL,NULL,"201008","KCCK","GV0005","20","ACTIVE",NULL,"1","1","8","谢冰冰","6","蒋忠旭",0,0,12000
6,"GC0049","美赛达","0","CG-10-04-13-039","105330U01","GCRH104R-331NC","104R 330UH +/-25%",0.68,"0",0,"",NULL,12000,8160,0,0,0,0,0,0,"2010-08-09",NULL,NULL,"201008","KCCK","GV0005","20","ACTIVE",NULL,"1","1","8","谢冰冰","6","蒋忠旭",0,0,12000
7,"GC0112","中海达","0","CGDD0330","011202041","GCRH8D28-100M","8D28 10UH +/-20%",1.13,"1",0.17,"",NULL,1000,1130,0,0,0,0,0,0,"2010-08-16",NULL,NULL,"201008","KCCK","GV0005","20","ACTIVE",NULL,"1","3","8","谢冰冰","8","谢冰冰",0,0.17,1000
8,"GC0107","泽昶","0","CZ20100715001","GCRH127-330N","GCRH127-330NC","127 33UH +/-25%",0.9,"1",0.17,"",NULL,1000,900,0,0,0,0,0,0,"2010-07-30",NULL,NULL,"201008","KCCK","GV0005","20","ACTIVE",NULL,"1","1","8","谢冰冰","8","谢冰冰",0,0.17,1000
9,"GC0016","飞歌汽车音响","0","FA-PO-20100521051","DZ03V0025R0","GCRH5D28-100M","5D28 10UH",0.65,"1",0.17,"",NULL,34000,22100,0,0,0,0,0,0,"2010-11-02",NULL,NULL,"201008","KCCK","GV0005","20","ACTIVE",NULL,"1","1","8","谢冰冰","5","周石富 ",0,0.17,34000
10,"GC0016","飞歌汽车音响","0","FA-PO-20100521051","DZ03V0062R0","GCRH2D18A/HP-2R2NC","2D18A/HP 2.2UH +/-25% 高度2MM DCR小于125M欧 可耐电流0.63A",0.62,"1",0.17,"",NULL,30000,18600,0,0,0,0,0,0,"2010-11-02",NULL,NULL,"201008","KCCK","GV0005","20","ACTIVE",NULL,"1","1","8","谢冰冰","5","周石富 ",0,0.17,30000
11,"GC0016","飞歌汽车音响","0","FA-PO-20100709003","DZ03V0022R0","GCRH74-102M","74 1000UH +/-20%",0.74,"1",0.17,"",NULL,14000,10360,0,0,0,0,0,0,"2010-09-05",NULL,NULL,"201008","KCCK","GV0005","20","ACTIVE",NULL,"1","1","8","谢冰冰","5","周石富 ",0,0.17,14000
12,"GC0016","飞歌汽车音响","0","FA-PO-20100709003","DZ03V0026R0","GCRH5D28-101NC","5D28 100UH +/-25%",0.65,"1",0.17,"",NULL,6000,3900,0,0,0,0,0,0,"2010-09-05",NULL,NULL,"201008","KCCK","GV0005","20","ACTIVE",NULL,"1","1","8","谢冰冰","5","周石富 ",0,0.17,6000
13,"GC0016","飞歌汽车音响","0","FA-PO-20100709003","DZ03V0033R0","GCRH5D28-470NC","5D28 47UH +/-25%",0.65,"1",0.17,"",NULL,6000,3900,0,0,0,0,0,0,"2010-09-05",NULL,NULL,"201008","KCCK","GV0005","20","ACTIVE",NULL,"1","1","8","谢冰冰","5","周石富 ",0,0.17,6000
14,"GC0016","飞歌汽车音响","0","FA-PO-A2010063002","DZ03V0009R0","GCRH125-470M","125 47UH +/-20%",0.75,"1",0.17,"",NULL,12000,9000,0,0,0,0,0,0,"2010-08-18",NULL,NULL,"201008","KCCK","GV0005","20","ACTIVE",NULL,"1","1","8","谢冰冰","5","周石富 ",0,0.17,12000
15,"GC0063","鑫永华","0","GH20100160","GCRH4D28-331NC","GCRH4D28-331M","4D28 330UH +/-20%",0.53,"0",0,"",NULL,2000,1060,0,0,0,0,0,0,"2010-08-12",NULL,NULL,"201008","KCCK","GV0005","20","ACTIVE",NULL,"1","1","8","谢冰冰","6","蒋忠旭",0,0,2000
16,"GC0026","广越视通","0","GH20100247","GCRH4D28-151M","GCRH4D28-151M-D","4D28 150UH +/-20% 点胶",0.6,"0",0,"",NULL,4000,2400,0,0,0,0,0,0,"2010-08-04",NULL,NULL,"201008","KCCK","GV0005","20","ACTIVE",NULL,"1","1","8","谢冰冰","10","邱永池",0,0,4000
17,"GC0048","建威","0","PO2010060257","12-0400-0007E","GCRH2D18A/HP-4R7NC","2D18A/HP 4.7UH 高度2MM DCR小于78M欧 可耐电流0.63A +/-25% 对角型脚位",0.495,"0",0,"",NULL,2000,990,0,0,0,0,0,0,"2010-06-17",NULL,NULL,"201008","KCCK","GV0005","20","ACTIVE",NULL,"1","1","8","谢冰冰","6","蒋忠旭",0,0,2000
18,"GC0028","景阳科技","0","POORD004637","GCRH4D28-6R8NC","GCRH4D28-6R8NC","4D28 6.8UH +/-25%",0.75,"1",0.17,"",NULL,2000,1500,0,0,0,0,0,0,"2010-08-09",NULL,NULL,"201008","KCCK","GV0005","20","ACTIVE",NULL,"1","1","8","谢冰冰","10","邱永池",0,0.17,2000
19,"GC0083","昱鑫共创","0","YX10071509","4D28-151","GCRH4D28-151NC-D","4D28 150UH +/-25% 点胶",0.56,"0",0,"可确定明细",NULL,14000,7840,0,0,0,0,0,0,"2010-07-18",NULL,NULL,"201008","KCCK","GV0005","20","ACTIVE",NULL,"1","1","8","谢冰冰","10","邱永池",0,0,14000
20,"GC0083","昱鑫共创","0","YX10072608","GCRH4D18-101NC","GCRH4D18-101NC","4D18 100UH +/-25%",0.56,"0",0,"可确定明细",NULL,4000,2240,0,0,0,0,0,0,"2010-07-30",NULL,NULL,"201008","KCCK","GV0005","20","ACTIVE",NULL,"1","1","8","谢冰冰","10","邱永池",0,0,4000
21,"GC0016","飞歌汽车音响","0","FA-PO-A20100713007","DZ03V0017R0","GCD3225-220M-D","3225 22UH +/-20% 点胶 2K/盘 8MM编带",0.28,"1",0.17,"",NULL,16000,4480,0,0,0,0,0,0,"2010-08-15",NULL,NULL,"201008","KCCQ","GV0004","20","ACTIVE",NULL,"1","1","8","谢冰冰","5","周石富 ",0,0.17,16000
22,"GC0019","金三立视频","0","B1007048","L.D.01002000","GCRH104R-100M","2A 10UH",0.82,"1",0.17,"",NULL,200,164,0,0,0,0,0,0,"2010-07-18",NULL,NULL,"201008","KCHSM","GV0006","20","ACTIVE",NULL,"1","1","8","谢冰冰","5","周石富 ",0,0.17,200
23,"GC0019","金三立视频","0","B1007049","L.D.01002000","GCRH104R-100M","2A 10UH",0.82,"1",0.17,"",NULL,800,656,0,0,0,0,0,0,"2010-07-14",NULL,NULL,"201008","KCHSM","GV0006","20","ACTIVE",NULL,"1","1","8","谢冰冰","5","周石富 ",0,0.17,800
24,"GC0030","柯宏达","0","GH20100072","GCRH7032-471M","GCRH7032-471M","470UH 封胶",0.58,"0",0,"",NULL,5000,2900,0,0,0,0,0,0,"2010-08-09",NULL,NULL,"201008","KCHSM","GV0006","20","ACTIVE",NULL,"1","1","8","谢冰冰","10","邱永池",0,0,5000
25,"GC0030","柯宏达","0","GH20100214","GCRH7032-471M","GCRH7032-471M","470UH 封胶",0.58,"0",0,"",NULL,15000,8700,0,0,0,0,0,0,"2010-08-09",NULL,NULL,"201008","KCHSM","GV0006","20","ACTIVE",NULL,"1","1","8","谢冰冰","10","邱永池",0,0,15000
26,"GC0030","柯宏达","0","GH20100216","GCRH7032-471M","GCRH7032-471M","470UH 封胶",0.58,"0",0,"",NULL,20000,11600,0,0,0,0,0,0,"2010-07-07",NULL,NULL,"201008","KCHSM","GV0006","20","ACTIVE",NULL,"1","1","8","谢冰冰","10","邱永池",0,0,20000
27,"GC0084","维宝视","0","GH20100218","63B-561M","GCRH63B-561M-D","63B 560UH +/-20% 封胶",0.6,"0",0,"",NULL,4000,2400,0,0,0,0,0,0,"2010-07-02",NULL,NULL,"201008","KCHSM","GV0006","20","ACTIVE",NULL,"1","1","8","谢冰冰","10","邱永池",0,0,4000
28,"GC0098","罡扇广联（税）","0","GH20100248-1","12B40-GCRH124","GCRH124-470M","47UH",0.85,"1",0.17,"",NULL,1000,850,0,0,0,0,0,0,"2010-08-10",NULL,NULL,"201008","KCHSM","GV0006","20","ACTIVE",NULL,"1","1","8","谢冰冰","5","周石富 ",0,0.17,1000
29,"GC0106","延创兴","0","20100802","09-52-R22217","ELJFB221KF-G","4532 220UH +/-10%",0.48,"0",0,"",NULL,4000,1920,0,0,0,0,0,0,"2010-08-03",NULL,NULL,"201008","KCKX","GV0001","20","ACTIVE",NULL,"1","2","8","谢冰冰","4","曾湘杰",0,0,4000
30,"GC0011","乐视视频","0","D1008013","DG2200325","ELJPA220KF-G","3225 22UH +/-10%低内阻",0.19,"1",0.17,"",NULL,4000,760,0,0,0,0,0,0,"2010-08-26",NULL,NULL,"201008","KCKX","GV0001","20","ACTIVE",NULL,"1","1","8","谢冰冰","5","周石富 ",0,0.17,4000
31,"GC0105","东佳实业","0","DJ0719GLE","ELJPA220KF","ELJPA220KF-G","3225 22UH +/-10%低内阻",0.18,"0",0,"",NULL,2000,360,0,0,0,0,0,0,"2010-07-25",NULL,NULL,"201008","KCKX","GV0001","20","ACTIVE",NULL,"1","1","8","谢冰冰","8","谢冰冰",0,0,2000
32,"GC0085","创达盛","0","GH20100126","ELJPA101KF","ELJPA101KF-G","3225 100UH +/-10% 低内阻",0.17,"0",0,"",NULL,44000,7480,0,0,0,0,0,0,"2010-08-09",NULL,NULL,"201008","KCKX","GV0001","20","ACTIVE",NULL,"1","1","8","谢冰冰","10","邱永池",0,0,44000
33,"GC0014","罡扇广联","0","GH20100248","2520 68UH","ELJFC680JF-G","2520 68UH +/-5%",0.16,"0",0,"",NULL,2000,320,0,0,0,0,0,0,"2010-08-10",NULL,NULL,"201008","KCKX","GV0001","20","ACTIVE",NULL,"1","1","8","谢冰冰","5","周石富 ",0,0,2000
34,"GC0014","罡扇广联","0","GH20100248","3225 22UH","ELJFA220JF-G","3225 22UH +/-5%",0.16,"0",0,"",NULL,4000,640,0,0,0,0,0,0,"2010-08-10",NULL,NULL,"201008","KCKX","GV0001","20","ACTIVE",NULL,"1","1","8","谢冰冰","5","周石富 ",0,0,4000
35,"GC0014","罡扇广联","0","GH20100248","3225 68UH","ELJFA680JF-G","3225 68UH +/-5%",0.16,"0",0,"",NULL,2000,320,0,0,0,0,0,0,"2010-08-10",NULL,NULL,"201008","KCKX","GV0001","20","ACTIVE",NULL,"1","1","8","谢冰冰","5","周石富 ",0,0,2000
36,"GC0006","喜恩碧","0","PO1005-055","LC00047CK1","ELJFC470KF-G","松下 47UH 2520",0.21067371,"1",0.17,"",NULL,16000,3370.7794,0,0,0,0,0,0,"2010-06-15",NULL,NULL,"201008","KCKX","GV0001","20","ACTIVE",NULL,"1","1","8","谢冰冰","3","吴松",0,0.17,16000
37,"GC0006","喜恩碧","0","PO1006-201","LC004R7CJ1","ELJFC4R7JF-G","2520 4.7UH +/-5%",0.21067371,"1",0.17,"",NULL,4000,842.6948,0,0,0,0,0,0,"2010-08-05",NULL,NULL,"201008","KCKX","GV0001","20","ACTIVE",NULL,"1","1","8","谢冰冰","3","吴松",0,0.17,4000
38,"GC0070","富视安","0","PO10062808","09-52-R24707","ELJFC470JF-G","2520 47UH +/-5%",0.19,"1",0.17,"",NULL,2000,380,0,0,0,0,0,0,"2010-06-30",NULL,NULL,"201008","KCKX","GV0001","20","ACTIVE",NULL,"1","1","8","谢冰冰","4","曾湘杰",0,0.17,2000
39,"GC0006","喜恩碧","0","PO1007-044","LC00100CK1","ELJFC101KF-G","2520 100UH +/-10%",0.21067371,"1",0.17,"",NULL,10000,2106.7371,0,0,0,0,0,0,"2010-08-22",NULL,NULL,"201008","KCKX","GV0001","20","ACTIVE",NULL,"1","1","8","谢冰冰","3","吴松",0,0.17,10000
40,"GC0070","富视安","0","PO10072208","09-53-R22206","ELJPA220KF-G","3225 22UH +/-10%低内阻",0.19,"1",0.17,"",NULL,2000,380,0,0,0,0,0,0,"2010-07-23",NULL,NULL,"201008","KCKX","GV0001","20","ACTIVE",NULL,"1","1","8","谢冰冰","4","曾湘杰",0,0.17,2000
41,"GC0083","昱鑫共创","0","YX10063003","220K 3225","ELJPA220KF-G","3225 22UH +/-10%低内阻",0.18,"0",0,"",NULL,50000,9000,0,0,0,0,0,0,"2010-07-02",NULL,NULL,"201008","KCKX","GV0001","20","ACTIVE",NULL,"1","1","8","谢冰冰","10","邱永池",0,0,50000
42,"GC0103","荣文灯饰","0","4502969656","JR-0002","FCR 6.0M5","TDK 陶瓷振荡器 RESONATOR 6.000MHz FCR 6.0M5",0.0511,"0",0,"",NULL,3000,153.3,0,0,0,0,0,0,"2010-08-12",NULL,NULL,"201008","KCTH","GV0018","20","ACTIVE",NULL,"1","1","8","谢冰冰","8","谢冰冰",0,0,3000
43,"GC0103","荣文灯饰","0","4503003914","L01-0003","NLCV32T-100K-PF","3225 10UH +/-10%",0.0467,"0",0,"旧型号：6979-1006",NULL,2000,93.4,0,0,0,0,0,0,"2010-08-10",NULL,NULL,"201008","KCTH","GV0018","20","ACTIVE",NULL,"1","1","8","谢冰冰","8","谢冰冰",0,0,2000
44,"GC0069","建恩","0","PG4907","107E-0547-03-L","#A997AS-4R7M","4.7UH TOKO",1.4625,"1",0.17,"",NULL,2000,2925,0,0,0,0,0,0,"2010-09-21",NULL,NULL,"201008","KCTOKORMB","GV0028","20","ACTIVE",NULL,"1","1","8","谢冰冰","4","曾湘杰",0,0.17,2000
45,"GC0115","科翔","0","100707002","ELJFC100KF","ELJFC100KF-G","2520 10UH +/-10%",0.01932,"0",0,"",NULL,88000,1700.16,0,0,0,0,0,0,"2010-08-28",NULL,NULL,"201008","O10031938RVE.01","GV0001","20","ACTIVE",NULL,"1","1","8","谢冰冰","3","吴松",0,0,88000
46,"GC0013","创力仕实业","0","1003225","FSMR-ELJFC4R7K-P","ELJFC4R7KF-G","2520 4.7UH +/-10%",0.28,"1",0.17,"",NULL,124000,34720,0,0,0,0,0,0,"2010-08-02",NULL,NULL,"201008","P09021122","GV0001","20","ACTIVE",NULL,"1","1","8","谢冰冰","5","周石富 ",0,0.17,124000
47,"GC0013","创力仕实业","0","1003225","FSMR-ELJFC4R7K-P","ELJFC4R7KF-G","2520 4.7UH +/-10%",0.28,"1",0.17,"",NULL,144000,40320,0,0,0,0,0,0,"2010-09-01",NULL,NULL,"201008","P09021122","GV0001","20","ACTIVE",NULL,"1","1","8","谢冰冰","5","周石富 ",0,0.17,144000
48,"GC0013","创力仕实业","0","1003225","FSMR-DLW21SN181S","DLW21SN181SQ2L","0805 180 OHM",0.77,"1",0.17,"旧型号：6978-5915",NULL,126000,97020,0,0,0,0,0,0,"2010-08-02",NULL,NULL,"201008","P09021173","GV0012","20","ACTIVE",NULL,"1","1","8","谢冰冰","5","周石富 ",0,0.17,126000
49,"GC0012","东日信博","0","11003311804","3225-47UH","GCD3225-470M-D","3225 47UH +/-20% 点胶",0.24,"1",0.17,"",NULL,200000,48000,0,0,0,0,0,0,"2010-08-10",NULL,NULL,"201008","P10030471","GV0006","20","ACTIVE",NULL,"1","1","8","谢冰冰","5","周石富 ",0,0.17,200000
50,"GC0012","东日信博","0","11003311804","3225-22UH","GCD3225-220M-D","3225 22UH +/-20% 点胶",0.24,"1",0.17,"",NULL,198000,47520,0,0,0,0,0,0,"2010-08-10",NULL,NULL,"201008","P10030471","GV0006","20","ACTIVE",NULL,"1","1","8","谢冰冰","5","周石富 ",0,0.17,198000
51,"GC0013","创力仕实业","0","1003225","FSMR-FSLM25201R0K","#FSLM2520-1R0J=P2","TOKO",0.485,"1",0.17,"",NULL,120000,58200,0,0,0,0,0,0,"2010-08-02",NULL,NULL,"201008","P10030497","GV0003","20","ACTIVE",NULL,"1","1","8","谢冰冰","5","周石富 ",0,0.17,120000
52,"GC0013","创力仕实业","0","1003225","FSMR-FSLM25201R0K","#FSLM2520-1R0J=P2","TOKO",0.485,"1",0.17,"",NULL,146000,70810,0,0,0,0,0,0,"2010-09-01",NULL,NULL,"201008","P10030497","GV0003","20","ACTIVE",NULL,"1","1","8","谢冰冰","5","周石富 ",0,0.17,146000
53,"GC0013","创力仕实业","0","1003225","FSMR-FSLM25201R0K","#FSLM2520-1R0J=P2","TOKO",0.485,"1",0.17,"",NULL,154000,74690,0,0,0,0,0,0,"2010-10-04",NULL,NULL,"201008","P10030497","GV0003","20","ACTIVE",NULL,"1","1","8","谢冰冰","5","周石富 ",0,0.17,154000
54,"GC0013","创力仕实业","0","1003225","FSMR-FSLM25201R0K","#FSLM2520-1R0J=P2","TOKO",0.485,"1",0.17,"",NULL,76000,36860,0,0,0,0,0,0,"2010-11-01",NULL,NULL,"201008","P10030497","GV0003","20","ACTIVE",NULL,"1","1","8","谢冰冰","5","周石富 ",0,0.17,76000
55,"GC0013","创力仕实业","0","1003225","FSMR-FSLM25202R7J","#FSLM2520-2R7J=P2","TOKO",0.31,"1",0.17,"",NULL,120000,37200,0,0,0,0,0,0,"2010-08-02",NULL,NULL,"201008","P10030497","GV0003","20","ACTIVE",NULL,"1","1","8","谢冰冰","5","周石富 ",0,0.17,120000
56,"GC0013","创力仕实业","0","1003225","FSMR-FSLM25202R7J","#FSLM2520-2R7J=P2","TOKO",0.31,"1",0.17,"",NULL,146000,45260,0,0,0,0,0,0,"2010-09-01",NULL,NULL,"201008","P10030497","GV0003","20","ACTIVE",NULL,"1","1","8","谢冰冰","5","周石富 ",0,0.17,146000
57,"GC0013","创力仕实业","0","1003225","FSMR-FSLM25202R7J","#FSLM2520-2R7J=P2","TOKO",0.31,"1",0.17,"",NULL,152000,47120,0,0,0,0,0,0,"2010-10-04",NULL,NULL,"201008","P10030497","GV0003","20","ACTIVE",NULL,"1","1","8","谢冰冰","5","周石富 ",0,0.17,152000
58,"GC0013","创力仕实业","0","1003225","FSMR-FSLM25202R7J","#FSLM2520-2R7J=P2","TOKO",0.31,"1",0.17,"",NULL,78000,24180,0,0,0,0,0,0,"2010-11-01",NULL,NULL,"201008","P10030497","GV0003","20","ACTIVE",NULL,"1","1","8","谢冰冰","5","周石富 ",0,0.17,78000
59,"GC0013","创力仕实业","0","1003225","FSMR-LLQ1608FR33J","LLQ1608-FR33J","要求和TOKO P/N:LLQ1608-FR33J电气性能一致,包装及编带和TOKO LLQ1608系列一致",0.535,"1",0.17,"",NULL,249000,133215,0,0,0,0,0,0,"2010-08-02",NULL,NULL,"201008","P10030502","GV0011","20","ACTIVE",NULL,"1","1","8","谢冰冰","5","周石富 ",0,0.17,249000
60,"GC0013","创力仕实业","0","1003225","FSMR-LLQ1608FR33J","LLQ1608-FR33J","要求和TOKO P/N:LLQ1608-FR33J电气性能一致,包装及编带和TOKO LLQ1608系列一致",0.535,"1",0.17,"",NULL,291000,155685,0,0,0,0,0,0,"2010-09-01",NULL,NULL,"201008","P10030502","GV0011","20","ACTIVE",NULL,"1","1","8","谢冰冰","5","周石富 ",0,0.17,291000
61,"GC0013","创力仕实业","0","1003225","FSMR-LLQ1608FR33J","LLQ1608-FR33J","要求和TOKO P/N:LLQ1608-FR33J电气性能一致,包装及编带和TOKO LLQ1608系列一致",0.535,"1",0.17,"",NULL,306000,163710,0,0,0,0,0,0,"2010-10-04",NULL,NULL,"201008","P10030502","GV0011","20","ACTIVE",NULL,"1","1","8","谢冰冰","5","周石富 ",0,0.17,306000
62,"GC0013","创力仕实业","0","1003225","FSMR-LLQ1608FR33J","LLQ1608-FR33J","要求和TOKO P/N:LLQ1608-FR33J电气性能一致,包装及编带和TOKO LLQ1608系列一致",0.535,"1",0.17,"",NULL,153000,81855,0,0,0,0,0,0,"2010-11-01",NULL,NULL,"201008","P10030502","GV0011","20","ACTIVE",NULL,"1","1","8","谢冰冰","5","周石富 ",0,0.17,153000
63,"GC0013","创力仕实业","0","1003225","FSMR-ELJFC4R7K-P","ELJFC4R7KF-G","2520 4.7UH +/-10%",0.28,"1",0.17,"",NULL,152000,42560,0,0,0,0,0,0,"2010-10-04",NULL,NULL,"201008","P10030561","GV0001","20","ACTIVE",NULL,"1","1","8","谢冰冰","5","周石富 ",0,0.17,152000
64,"GC0013","创力仕实业","0","1003225","FSMR-ELJFC4R7K-P","ELJFC4R7KF-G","2520 4.7UH +/-10%",0.28,"1",0.17,"",NULL,80000,22400,0,0,0,0,0,0,"2010-11-01",NULL,NULL,"201008","P10030561","GV0001","20","ACTIVE",NULL,"1","1","8","谢冰冰","5","周石富 ",0,0.17,80000
65,"GC0014","罡扇广联","0","GH20100165","2520 22UH","ELJFC220JF-G","2520 22UH +/-5%",0.16,"0",0,"",NULL,70000,11200,0,0,0,0,0,0,"2010-08-10",NULL,NULL,"201008","P10030561","GV0001","20","ACTIVE",NULL,"1","1","8","谢冰冰","5","周石富 ",0,0,70000
66,"GC0014","罡扇广联","0","GH20100248","2520 22UH","ELJFC220JF-G","2520 22UH +/-5%",0.16,"0",0,"",NULL,6000,960,0,0,0,0,0,0,"2010-08-10",NULL,NULL,"201008","P10030561","GV0001","20","ACTIVE",NULL,"1","1","8","谢冰冰","5","周石富 ",0,0,6000
67,"GC0085","创达盛","0","GH20100126","ELJPA100KF","ELJPA100KF-G","3225 10UH +/-10% 低内阻",0.17,"0",0,"",NULL,100000,17000,0,0,0,0,0,0,"2010-08-09",NULL,NULL,"201008","P10030712","GV0001","20","ACTIVE",NULL,"1","1","8","谢冰冰","10","邱永池",0,0,100000
68,"GC0062","宏泰安达","0","GH201010174","ELJPA100KF","ELJPA100KF-G","3225 10UH +/-10% 低内阻",0.18,"0",0,"",NULL,4000,720,0,0,0,0,0,0,"2010-08-09",NULL,NULL,"201008","P10030712","GV0001","20","ACTIVE",NULL,"1","1","8","谢冰冰","6","蒋忠旭",0,0,4000
69,"GC0070","富视安","0","PO10080216","09-53-R21006","ELJPA100KF-G","3225 10UH +/-10% 低内阻",0.19,"1",0.17,"",NULL,23000,4370,0,0,0,0,0,0,"2010-08-12",NULL,NULL,"201008","P10030712","GV0001","20","ACTIVE",NULL,"1","1","8","谢冰冰","4","曾湘杰",0,0.17,23000
70,"GC0013","创力仕实业","0","1003225","FSMR-LL1608FSL10N","LL1608-FSL10NJ","TOKO",0.15,"1",0.17,"",NULL,252000,37800,0,0,0,0,0,0,"2010-08-02",NULL,NULL,"201008","P10030752","GV0003","20","ACTIVE",NULL,"1","1","8","谢冰冰","5","周石富 ",0,0.17,252000
71,"GC0013","创力仕实业","0","1003225","FSMR-LL1608FSL10N","LL1608-FSL10NJ","TOKO",0.15,"1",0.17,"",NULL,292000,43800,0,0,0,0,0,0,"2010-09-01",NULL,NULL,"201008","P10030752","GV0003","20","ACTIVE",NULL,"1","1","8","谢冰冰","5","周石富 ",0,0.17,292000
72,"GC0013","创力仕实业","0","1003225","FSMR-LL1608FSL10N","LL1608-FSL10NJ","TOKO",0.15,"1",0.17,"",NULL,304000,45600,0,0,0,0,0,0,"2010-10-04",NULL,NULL,"201008","P10030752","GV0003","20","ACTIVE",NULL,"1","1","8","谢冰冰","5","周石富 ",0,0.17,304000
73,"GC0013","创力仕实业","0","1003225","FSMR-LL1608FSL10N","LL1608-FSL10NJ","TOKO",0.15,"1",0.17,"",NULL,156000,23400,0,0,0,0,0,0,"2010-11-01",NULL,NULL,"201008","P10030752","GV0003","20","ACTIVE",NULL,"1","1","8","谢冰冰","5","周石富 ",0,0.17,156000
74,"GC0013","创力仕实业","0","1003225","FSRR-A7503CY-330M","A7503CY-330M","TOKO",0.85,"1",0.17,"",NULL,125000,106250,0,0,0,0,0,0,"2010-08-02",NULL,NULL,"201008","P10030760","GV0028","20","ACTIVE",NULL,"1","1","8","谢冰冰","5","周石富 ",0,0.17,125000
75,"GC0013","创力仕实业","0","1003225","FSRR-A7503CY-330M","A7503CY-330M","TOKO",0.85,"1",0.17,"",NULL,145000,123250,0,0,0,0,0,0,"2010-09-01",NULL,NULL,"201008","P10030760","GV0028","20","ACTIVE",NULL,"1","1","8","谢冰冰","5","周石富 ",0,0.17,145000
76,"GC0013","创力仕实业","0","1003225","FSRR-A7503CY-330M","A7503CY-330M","TOKO",0.85,"1",0.17,"",NULL,153000,130050,0,0,0,0,0,0,"2010-10-04",NULL,NULL,"201008","P10030760","GV0028","20","ACTIVE",NULL,"1","1","8","谢冰冰","5","周石富 ",0,0.17,153000
77,"GC0013","创力仕实业","0","1003225","FSRR-A7503CY-330M","A7503CY-330M","TOKO",0.85,"1",0.17,"",NULL,77000,65450,0,0,0,0,0,0,"2010-11-01",NULL,NULL,"201008","P10030760","GV0028","20","ACTIVE",NULL,"1","1","8","谢冰冰","5","周石富 ",0,0.17,77000
78,"GC0049","美赛达","0","CG-10-04-13-039","10522UH01","GCRH4D28-220NC","4D28 22UH +/-25%",0.51,"0",0,"送货单请注明安防用",NULL,2000,1020,0,0,0,0,0,0,"2010-08-09",NULL,NULL,"201008","P10030775","GV0005","20","ACTIVE",NULL,"1","1","8","谢冰冰","6","蒋忠旭",0,0,2000
79,"GC0049","美赛达","0","CG-10-04-13-039","1056U8H03","GCRH4D28-6R8NC","4D28 6.8UH +/-25%",0.51,"0",0,"",NULL,112000,57120,0,0,0,0,0,0,"2010-08-09",NULL,NULL,"201008","P10030775","GV0005","20","ACTIVE",NULL,"1","1","8","谢冰冰","6","蒋忠旭",0,0,112000
80,"GC0049","美赛达","0","CG-10-04-13-039","10510UH01","GCRH5D18-100NC","5D18 10UH +/-25%",0.51,"0",0,"",NULL,474000,241740,0,0,0,0,0,0,"2010-08-09",NULL,NULL,"201008","P10030775","GV0005","20","ACTIVE",NULL,"1","1","8","谢冰冰","6","蒋忠旭",0,0,474000
81,"GC0049","美赛达","0","CG-10-04-13-039","10510UH08","GCRH8D28-100M","8D28 10UH +/-20%",0.75,"0",0,"",NULL,61000,45750,0,0,0,0,0,0,"2010-08-09",NULL,NULL,"201008","P10030775","GV0005","20","ACTIVE",NULL,"1","1","8","谢冰冰","6","蒋忠旭",0,0,61000
82,"GC0049","美赛达","0","CG-10-04-13-039","105330U01","GCRH104R-331NC","104R 330UH +/-25%",0.68,"0",0,"",NULL,101200,68816,0,0,0,0,0,0,"2010-08-09",NULL,NULL,"201008","P10030775","GV0005","20","ACTIVE",NULL,"1","1","8","谢冰冰","6","蒋忠旭",0,0,101200
83,"GC0049","美赛达","0","CG-10-04-13-039","1052U2H01","GCRH2D18A/HP-2R2NC","2D18A/HP 2.2UH +/-25% 高度2MM DCR小于125M欧 可耐电流0.63A",0.5,"0",0,"",NULL,2000,1000,0,0,0,0,0,0,"2010-08-09",NULL,NULL,"201008","P10030775","GV0005","20","ACTIVE",NULL,"1","1","8","谢冰冰","6","蒋忠旭",0,0,2000
84,"GC0006","喜恩碧","0","PO1006-201","LC00010CK1","ELJFC100KF-G","2520 10UH +/-10%",0.21067371,"1",0.17,"",NULL,102000,21488.7184,0,0,0,0,0,0,"2010-08-05",NULL,NULL,"201008","P10030814","GV0001","20","ACTIVE",NULL,"1","1","8","谢冰冰","3","吴松",0,0.17,102000
85,"GC0013","创力仕实业","0","1003225","FSMR-DLW21SN181S","DLW21SN181SQ2L","0805 180 OHM",0.77,"1",0.17,"",NULL,146000,112420,0,0,0,0,0,0,"2010-09-01",NULL,NULL,"201008","P10030839","GV0012","20","ACTIVE",NULL,"1","1","8","谢冰冰","5","周石富 ",0,0.17,146000
86,"GC0013","创力仕实业","0","1003225","FSMR-DLW21SN181S","DLW21SN181SQ2L","0805 180 OHM",0.77,"1",0.17,"",NULL,154000,118580,0,0,0,0,0,0,"2010-10-04",NULL,NULL,"201008","P10030839","GV0012","20","ACTIVE",NULL,"1","1","8","谢冰冰","5","周石富 ",0,0.17,154000
87,"GC0013","创力仕实业","0","1003225","FSMR-DLW21SN181S","DLW21SN181SQ2L","0805 180 OHM",0.77,"1",0.17,"",NULL,78000,60060,0,0,0,0,0,0,"2010-11-01",NULL,NULL,"201008","P10030839","GV0012","20","ACTIVE",NULL,"1","1","8","谢冰冰","5","周石富 ",0,0.17,78000
88,"GC0049","美赛达","0","CG-10-04-13-039","105251K01","TC-251K-6A-8026B","8026B 250UH",3.5,"0",0,"",NULL,24250,84875,0,0,0,0,0,0,"2010-08-09",NULL,NULL,"201008","P10030857","GV0007","20","ACTIVE",NULL,"1","1","8","谢冰冰","6","蒋忠旭",0,0,24250
89,"GC0049","美赛达","0","CG-10-04-13-039","105181201","TC-151U-18126","18126 150UH",2.65,"0",0,"",NULL,13000,34450,0,0,0,0,0,0,"2010-08-09",NULL,NULL,"201008","P10030857","GV0007","20","ACTIVE",NULL,"1","1","8","谢冰冰","6","蒋忠旭",0,0,13000
90,"GC0013","创力仕实业","0","1007027","FSMR-LLQ1608FR33J","LLQ1608-FR33J","要求和TOKO P/N:LLQ1608-FR33J电气性能一致,包装及编带和TOKO LLQ1608系列一致",0.535,"1",0.17,"",NULL,12000,6420,0,0,0,0,0,0,"2010-08-02",NULL,NULL,"201008","P10030883","GV0011","20","ACTIVE",NULL,"1","1","8","谢冰冰","5","周石富 ",0,0.17,12000
91,"GC0115","科翔","0","100707002","ELJFC100KF","ELJFC100KF-G","2520 10UH +/-10%",0.01932,"0",0,"",NULL,42000,811.44,0,0,0,0,0,0,"2010-08-28",NULL,NULL,"201008","P10030933","GV0001","20","ACTIVE",NULL,"1","1","8","谢冰冰","3","吴松",0,0,42000
92,"GC0006","喜恩碧","0","PO1005-055","LC00068DM2","ELJPA680KF-G","3225 68UH +/-10%低内阻",0.21067371,"1",0.17,"",NULL,20000,4213.4742,0,0,0,0,0,0,"2010-06-15",NULL,NULL,"201008","P10030933","GV0001","20","ACTIVE",NULL,"1","1","8","谢冰冰","3","吴松",0,0.17,20000
93,"GC0085","创达盛","0","GH20100126","ELJPA470KF","ELJPA470KF-G","3225 47UH +/-10%低内阻",0.17,"0",0,"",NULL,396000,67320,0,0,0,0,0,0,"2010-08-09",NULL,NULL,"201008","P10031056","GV0001","20","ACTIVE",NULL,"1","1","8","谢冰冰","10","邱永池",0,0,396000
94,"GC0063","鑫永华","0","GH20100160","ELJPA470KF","ELJPA470KF-G","3225 47UH +/-10%低内阻",0.19,"0",0,"",NULL,4000,760,0,0,0,0,0,0,"2010-08-12",NULL,NULL,"201008","P10031056","GV0001","20","ACTIVE",NULL,"1","1","8","谢冰冰","6","蒋忠旭",0,0,4000
95,"GC0006","喜恩碧","0","PO1004-104","LC00010CK1","ELJFC100KF-G","2520 10UH +/-10%",0.21067371,"1",0.17,"",NULL,20000,4213.4742,0,0,0,0,0,0,"2010-06-02",NULL,NULL,"201008","P10031056","GV0001","20","ACTIVE",NULL,"1","1","8","谢冰冰","3","吴松",0,0.17,20000
96,"GC0006","喜恩碧","0","PO1006-201","LC00010CK1","ELJFC100KF-G","2520 10UH +/-10%",0.21067371,"1",0.17,"",NULL,18000,3792.1268,0,0,0,0,0,0,"2010-08-05",NULL,NULL,"201008","P10031056","GV0001","20","ACTIVE",NULL,"1","1","8","谢冰冰","3","吴松",0,0.17,18000
97,"GC0049","美赛达","0","CG-10-04-28-0015","1052U2H01","GCRH2D18A/HP-2R2NC","2D18A/HP 2.2UH +/-25% 高度2MM DCR小于125M欧 可耐电流0.63A",0.5,"0",0,"",NULL,20000,10000,0,0,0,0,0,0,"2010-08-09",NULL,NULL,"201008","P10031061","GV0005","20","ACTIVE",NULL,"1","1","8","谢冰冰","6","蒋忠旭",0,0,20000
98,"GC0049","美赛达","0","CG-10-04-28-0015","10510UH01","GCRH5D18-100NC","5D18 10UH +/-25%",0.51,"0",0,"",NULL,10000,5100,0,0,0,0,0,0,"2010-08-09",NULL,NULL,"201008","P10031061","GV0005","20","ACTIVE",NULL,"1","1","8","谢冰冰","6","蒋忠旭",0,0,10000
99,"GC0115","科翔","0","100707002","ELJFC100KF","ELJFC100KF-G","2520 10UH +/-10%",0.01932,"0",0,"",NULL,4000,77.28,0,0,0,0,0,0,"2010-08-28",NULL,NULL,"201008","P10031222","GV0001","20","ACTIVE",NULL,"1","1","8","谢冰冰","3","吴松",0,0,4000
100,"GC0115","科翔","0","100707002","ELJFC100KF","ELJFC100KF-G","2520 10UH +/-10%",0.01932,"0",0,"",NULL,30000,579.6,0,0,0,0,0,0,"2010-08-28",NULL,NULL,"201008","P10031222","GV0001","20","ACTIVE",NULL,"1","1","8","谢冰冰","3","吴松",0,0,30000
101,"GC0115","科翔","0","100803002","ELJPC220KF","ELJPC220KF-G","2520 22UH +/-10%低内阻",0.01932,"0",0,"",NULL,32000,618.24,0,0,0,0,0,0,"2010-09-25",NULL,NULL,"201008","P10031222","GV0001","20","ACTIVE",NULL,"1","1","8","谢冰冰","3","吴松",0,0,32000
102,"GC0105","东佳实业","0","DJ0719GLE","ELJPA2R2MF","ELJPA2R2MF-G","3225 2.2UH +/-20%低内阻",0.18,"0",0,"",NULL,2000,360,0,0,0,0,0,0,"2010-08-09",NULL,NULL,"201008","P10031222","GV0001","20","ACTIVE",NULL,"1","1","8","谢冰冰","8","谢冰冰",0,0,2000
103,"GC0006","喜恩碧","0","PO1005-055","LC002R2DM2","ELJPA2R2MF-G","3225 2.2UH +/-20%低内阻",0.21067371,"1",0.17,"",NULL,10000,2106.7371,0,0,0,0,0,0,"2010-05-18",NULL,NULL,"201008","P10031222","GV0001","20","ACTIVE",NULL,"1","1","8","谢冰冰","3","吴松",0,0.17,10000
104,"GC0006","喜恩碧","0","PO1005-079","LC004R7DM2","ELJPA4R7MF-G","3225 4.7UH +/-20%低内阻",0.21067371,"1",0.17,"",NULL,4000,842.6948,0,0,0,0,0,0,"2010-06-25",NULL,NULL,"201008","P10031222","GV0001","20","ACTIVE",NULL,"1","1","8","谢冰冰","3","吴松",0,0.17,4000
105,"GC0006","喜恩碧","0","PO1006-074","LC004R7DM2","ELJPA4R7MF-G","3225 4.7UH +/-20%低内阻",0.21067371,"1",0.17,"",NULL,20000,4213.4742,0,0,0,0,0,0,"2010-07-10",NULL,NULL,"201008","P10031222","GV0001","20","ACTIVE",NULL,"1","1","8","谢冰冰","3","吴松",0,0.17,20000
106,"GC0016","飞歌汽车音响","0","FA-PO-20100709003","DZ03V0025R0","GCRH5D28-100M","5D28 10UH",0.65,"1",0.17,"",NULL,20000,13000,0,0,0,0,0,0,"2010-09-05",NULL,NULL,"201008","P10031251RVE.01","GV0005","20","ACTIVE",NULL,"1","1","8","谢冰冰","5","周石富 ",0,0.17,20000
107,"GC0115","科翔","0","100707002","ELJFC100KF","ELJFC100KF-G","2520 10UH +/-10%",0.01932,"0",0,"",NULL,14000,270.48,0,0,0,0,0,0,"2010-08-28",NULL,NULL,"201008","P10031266","GV0001","20","ACTIVE",NULL,"1","1","8","谢冰冰","3","吴松",0,0,14000
108,"GC0085","创达盛","0","GH20100126","ELJPA100KF","ELJPA100KF-G","3225 10UH +/-10% 低内阻",0.17,"0",0,"",NULL,190000,32300,0,0,0,0,0,0,"2010-08-09",NULL,NULL,"201008","P10031266","GV0001","20","ACTIVE",NULL,"1","1","8","谢冰冰","10","邱永池",0,0,190000
109,"GC0006","喜恩碧","0","PO1006-201","LC00010CK1","ELJFC100KF-G","2520 10UH +/-10%",0.21067371,"1",0.17,"",NULL,28000,5898.8639,0,0,0,0,0,0,"2010-08-05",NULL,NULL,"201008","P10031266","GV0001","20","ACTIVE",NULL,"1","1","8","谢冰冰","3","吴松",0,0.17,28000
110,"GC0006","喜恩碧","0","PO1007-044","LC00010CK1","ELJFC100KF-G","2520 10UH +/-10%",0.21067371,"1",0.17,"",NULL,308000,64887.5027,0,0,0,0,0,0,"2010-08-22",NULL,NULL,"201008","P10031266","GV0001","20","ACTIVE",NULL,"1","1","8","谢冰冰","3","吴松",0,0.17,308000
111,"GC0084","维宝视","0","GH20100161","63B-101M","GCRH63B-101M","63B 100UH +/-20%",0.6,"0",0,"",NULL,2000,1200,0,0,0,0,0,0,"2010-08-09",NULL,NULL,"201008","P10031495","GV0006","20","ACTIVE",NULL,"1","1","8","谢冰冰","10","邱永池",0,0,2000
112,"GC0016","飞歌汽车音响","0","FA-PO-20100521051","DZ03V0033R0","GCRH5D28-470NC","5D28 47UH +/-25%",0.65,"1",0.17,"",NULL,30000,19500,0,0,0,0,0,0,"2010-11-02",NULL,NULL,"201008","P10031599","GV0005","20","ACTIVE",NULL,"1","1","8","谢冰冰","5","周石富 ",0,0.17,30000
113,"GC0062","宏泰安达","0","GH20100209","GCRH4D28-151NC","GCRH4D28-151NC","4D28 150UH +/-25% 240MA",0.6,"0",0,"",NULL,8000,4800,0,0,0,0,0,0,"2010-08-09",NULL,NULL,"201008","P10031695RVE.01","GV0005","20","ACTIVE",NULL,"1","1","8","谢冰冰","6","蒋忠旭",0,0,8000
114,"GC0013","创力仕实业","0","1005216","FSMR-DLW21SN181S","DLW21SN181SQ2L","0805 180 OHM",0.77,"1",0.17,"",NULL,8000,6160,0,0,0,0,0,0,"2010-07-02",NULL,NULL,"201008","P10031786","GV0012","20","ACTIVE",NULL,"1","1","8","谢冰冰","5","周石富 ",0,0.17,8000
115,"GC0016","飞歌汽车音响","0","FA-PO-20100521051","DZ03V0022R0","GCRH74-102M","74 1000UH +/-20%",0.74,"1",0.17,"",NULL,15000,11100,0,0,0,0,0,0,"2010-11-02",NULL,NULL,"201008","P10031812","GV0005","20","ACTIVE",NULL,"1","1","8","谢冰冰","5","周石富 ",0,0.17,15000
116,"GC0050","鸿莱克斯","0","100605","15010002","GCD43-471M","43 470UH +/-20%",0.25,"0",0,"",NULL,32000,8000,0,0,0,0,0,0,"2010-08-09",NULL,NULL,"201008","P10031856","GV0005","20","ACTIVE",NULL,"1","1","8","谢冰冰","6","蒋忠旭",0,0,32000
117,"GC0104","杰信","0","100540-3080-11","KV1471E","KV1471E","TOKO",0.06,"0",0,"",NULL,24000,1440,0,0,0,0,0,0,"2010-05-04",NULL,NULL,"201008","P10031877RVE.01","GV0015","20","ACTIVE",NULL,"1","1","8","谢冰冰","8","谢冰冰",0,0,24000
118,"GC0096","长沙世邦","0","10061002","16RHBP-150M","16RHBP-150M","TOKO",5.5,"0",0,"",NULL,2000,11000,0,0,0,0,0,0,"2010-08-01",NULL,NULL,"201008","P10031877RVE.01","GV0015","20","ACTIVE",NULL,"1","2","8","谢冰冰","5","周石富 ",0,0,2000
119,"GC0007","七蒙电子","0","GH20100207","#919AS-1R8N=P3","#919AS-1R8N=P3","TOKO",2.2,"1",0.17,"",NULL,1500,3300,0,0,0,0,0,0,"2010-08-09",NULL,NULL,"201008","P10031877RVE.02","GV0013","20","ACTIVE",NULL,"1","2","8","谢冰冰","8","谢冰冰",0,0.17,1500
120,"GC0115","科翔","0","100707002","ELJPC100KF","ELJPC100KF-G","2520 10UH +/-10%低内阻",0.01932,"0",0,"",NULL,30000,579.6,0,0,0,0,0,0,"2010-08-28",NULL,NULL,"201008","P10031938RVE.01","GV0001","20","ACTIVE",NULL,"1","1","8","谢冰冰","3","吴松",0,0,30000
121,"GC0115","科翔","0","100803002","ELJFC680KF","ELJFC680KF-G","2520 68UH +/-10%",0.01932,"0",0,"",NULL,2000,38.64,0,0,0,0,0,0,"2010-09-25",NULL,NULL,"201008","P10031938RVE.01","GV0001","20","ACTIVE",NULL,"1","1","8","谢冰冰","3","吴松",0,0,2000
122,"GC0115","科翔","0","100803002","ELJPC100KF","ELJPC100KF-G","2520 10UH +/-10%低内阻",0.01932,"0",0,"",NULL,60000,1159.2,0,0,0,0,0,0,"2010-09-25",NULL,NULL,"201008","P10031938RVE.01","GV0001","20","ACTIVE",NULL,"1","1","8","谢冰冰","3","吴松",0,0,60000
123,"GC0064","保千里","0","2010080502","2520 10UH","ELJPC100KF-G","2520 10UH +/-10%低内阻",0.19,"0",0,"",NULL,30000,5700,0,0,0,0,0,0,"2010-08-09",NULL,NULL,"201008","P10031938RVE.01","GV0001","20","ACTIVE",NULL,"1","1","8","谢冰冰","6","蒋忠旭",0,0,30000
124,"GC0009","海比克","0","10070201","ELJPA680KF","ELJPA680KF-G","3225 68UH +/-10%低内阻",0.18,"0",0,"",NULL,14000,2520,0,0,0,0,0,0,"2010-08-15",NULL,NULL,"201008","P10031938RVE.01","GV0001","20","ACTIVE",NULL,"1","1","8","谢冰冰","5","周石富 ",0,0,14000
125,"GC0012","东日信博","0","11004121411","4532-10UH","ELJPB100KF-G","4532 10UH +/-10%低内阻",0.55,"1",0.17,"",NULL,13500,7425,0,0,0,0,0,0,"2010-08-10",NULL,NULL,"201008","P10031938RVE.01","GV0001","20","ACTIVE",NULL,"1","1","8","谢冰冰","5","周石富 ",0,0.17,13500
126,"GC0014","罡扇广联","0","GH20100165","2520 22UH","ELJFC220JF-G","2520 22UH +/-5%",0.16,"0",0,"",NULL,100000,16000,0,0,0,0,0,0,"2010-08-10",NULL,NULL,"201008","P10031938RVE.01","GV0001","20","ACTIVE",NULL,"1","1","8","谢冰冰","5","周石富 ",0,0,100000
127,"GC0014","罡扇广联","0","GH20100217","2520 22UH","ELJFC220JF-G","2520 22UH +/-5%",0.16,"0",0,"",NULL,200000,32000,0,0,0,0,0,0,"2010-08-10",NULL,NULL,"201008","P10031938RVE.01","GV0001","20","ACTIVE",NULL,"1","1","8","谢冰冰","5","周石富 ",0,0,200000
128,"GC0006","喜恩碧","0","PO1005-055","LC00039CK2","ELJFC390KF-G","2520 39UH +/-10%",0.21067371,"1",0.17,"",NULL,10000,2106.7371,0,0,0,0,0,0,"2010-06-15",NULL,NULL,"201008","P10031938RVE.01","GV0001","20","ACTIVE",NULL,"1","1","8","谢冰冰","3","吴松",0,0.17,10000
129,"GC0006","喜恩碧","0","PO1005-055","LC002R2CM2","ELJPC2R2MF-G","2520 2.2UH +/-20%低内阻",0.21067371,"1",0.17,"",NULL,26000,5477.5165,0,0,0,0,0,0,"2010-06-15",NULL,NULL,"201008","P10031938RVE.01","GV0001","20","ACTIVE",NULL,"1","1","8","谢冰冰","3","吴松",0,0.17,26000
130,"GC0006","喜恩碧","0","PO1005-190","LC00022EK1","ELJFB220KF-G","4532 22UH +/-10%",0.50307075,"1",0.17,"",NULL,6000,3018.4245,0,0,0,0,0,0,"2010-07-05",NULL,NULL,"201008","P10031938RVE.01","GV0001","20","ACTIVE",NULL,"1","1","8","谢冰冰","3","吴松",0,0.17,6000
131,"GC0006","喜恩碧","0","PO1006-074","LC00068CK1","ELJFC680KF-G","2520 68UH +/-10%",0.21067371,"1",0.17,"",NULL,18000,3792.1268,0,0,0,0,0,0,"2010-07-10",NULL,NULL,"201008","P10031938RVE.01","GV0001","20","ACTIVE",NULL,"1","1","8","谢冰冰","3","吴松",0,0.17,18000
132,"GC0006","喜恩碧","0","PO1006-101","LC002R2DM2","ELJPA2R2MF-G","3225 2.2UH +/-20%低内阻",0.21067371,"1",0.17,"",NULL,20000,4213.4742,0,0,0,0,0,0,"2010-07-20",NULL,NULL,"201008","P10031938RVE.01","GV0001","20","ACTIVE",NULL,"1","1","8","谢冰冰","3","吴松",0,0.17,20000
133,"GC0006","喜恩碧","0","PO1006-201","LC00022EK1","ELJFB220KF-G","4532 22UH +/-10%",0.50307075,"1",0.17,"",NULL,1000,503.0708,0,0,0,0,0,0,"2010-08-05",NULL,NULL,"201008","P10031938RVE.01","GV0001","20","ACTIVE",NULL,"1","1","8","谢冰冰","3","吴松",0,0.17,1000
134,"GC0006","喜恩碧","0","PO1006-201","LC004R7DM2","ELJPA4R7MF-G","3225 4.7UH +/-20%低内阻",0.21067371,"1",0.17,"",NULL,20000,4213.4742,0,0,0,0,0,0,"2010-08-05",NULL,NULL,"201008","P10031938RVE.01","GV0001","20","ACTIVE",NULL,"1","1","8","谢冰冰","3","吴松",0,0.17,20000
135,"GC0006","喜恩碧","0","PO1007-111","LC002R2CM2","ELJPC2R2MF-G","2520 2.2UH +/-20%低内阻",0.21067371,"1",0.17,"",NULL,20000,4213.4742,0,0,0,0,0,0,"2010-09-01",NULL,NULL,"201008","P10031938RVE.01","GV0001","20","ACTIVE",NULL,"1","1","8","谢冰冰","3","吴松",0,0.17,20000
136,"GC0070","富视安","0","PO10080216","09-50-R1100","ELJPB100KF-G","4532 10UH +/-10%低内阻",0.45,"1",0.17,"",NULL,3000,1350,0,0,0,0,0,0,"2010-08-03",NULL,NULL,"201008","P10031938RVE.01","GV0001","20","ACTIVE",NULL,"1","1","8","谢冰冰","4","曾湘杰",0,0.17,3000
137,"GC0113","同创时代","0","TTL100714-022","ELJPC2R2MF","ELJPC2R2MF-G","2520 2.2UH +/-20%低内阻",0.0226,"0",0,"",NULL,4000,90.4,0,0,0,0,0,0,"2010-08-30",NULL,NULL,"201008","P10031938RVE.01","GV0001","20","ACTIVE",NULL,"1","3","8","谢冰冰","8","谢冰冰",0,0,4000
138,"GC0016","飞歌汽车音响","0","FA-PO-A2010061901","DZ03V0025R0","GCRH5D28-100M","5D28 10UH",0.65,"1",0.17,"",NULL,4000,2600,0,0,0,0,0,0,"2010-09-02",NULL,NULL,"201008","P10032066","GV0005","20","ACTIVE",NULL,"1","1","8","谢冰冰","5","周石富 ",0,0.17,4000
139,"GC0016","飞歌汽车音响","0","FA-PO-A2010061901","DZ03V0033R0","GCRH5D28-470NC","5D28 47UH +/-25%",0.65,"1",0.17,"",NULL,82000,53300,0,0,0,0,0,0,"2010-09-02",NULL,NULL,"201008","P10032066","GV0005","20","ACTIVE",NULL,"1","1","8","谢冰冰","5","周石富 ",0,0.17,82000
140,"GC0083","昱鑫共创","0","YX10071509","101 4D28","GCRH4D28-101M","4D28 100UH +/-20%",0.56,"0",0,"可确定明细",NULL,3000,1680,0,0,0,0,0,0,"2010-07-18",NULL,NULL,"201008","P10032066","GV0005","20","ACTIVE",NULL,"1","1","8","谢冰冰","10","邱永池",0,0,3000
141,"GC0016","飞歌汽车音响","0","FA-PO-A2010062603","DZ03V0009R0","GCRH125-470M","125 47UH +/-20%",0.75,"1",0.17,"",NULL,2000,1500,0,0,0,0,0,0,"2010-09-05",NULL,NULL,"201008","P10032188","GV0005","20","ACTIVE",NULL,"1","1","8","谢冰冰","5","周石富 ",0,0.17,2000
142,"GC0016","飞歌汽车音响","0","FA-PO-A2010062603","DZ03V0025R0","GCRH5D28-100M","5D28 10UH",0.65,"1",0.17,"",NULL,4000,2600,0,0,0,0,0,0,"2010-09-05",NULL,NULL,"201008","P10032188","GV0005","20","ACTIVE",NULL,"1","1","8","谢冰冰","5","周石富 ",0,0.17,4000
143,"GC0016","飞歌汽车音响","0","FA-PO-A2010062603","DZ03V0033R0","GCRH5D28-470NC","5D28 47UH +/-25%",0.65,"1",0.17,"",NULL,82000,53300,0,0,0,0,0,0,"2010-09-05",NULL,NULL,"201008","P10032188","GV0005","20","ACTIVE",NULL,"1","1","8","谢冰冰","5","周石富 ",0,0.17,82000
144,"GC0016","飞歌汽车音响","0","FA-PO-A2010063002","DZ03V0009R0","GCRH125-470M","125 47UH +/-20%",0.75,"1",0.17,"",NULL,10000,7500,0,0,0,0,0,0,"2010-10-18",NULL,NULL,"201008","P10032188","GV0005","20","ACTIVE",NULL,"1","1","8","谢冰冰","5","周石富 ",0,0.17,10000
145,"GC0098","罡扇广联（税）","0","GH20100217-1","CD43-47UH","GCD43-470M","43 4*4*3 47UH +/-20%",0.25,"1",0.17,"",NULL,2000,500,0,0,0,0,0,0,"2010-08-10",NULL,NULL,"201008","P10032191","GV0006","20","ACTIVE",NULL,"1","1","8","谢冰冰","5","周石富 ",0,0.17,2000
146,"GC0013","创力仕实业","0","1007088","FSMR-LLQ1608FR33J","LLQ1608-FR33J","要求和TOKO P/N:LLQ1608-FR33J电气性能一致,包装及编带和TOKO LLQ1608系列一致",0.535,"1",0.17,"",NULL,140000,74900,0,0,0,0,0,0,"2010-12-01",NULL,NULL,"201008","P10032236","GV0011","20","ACTIVE",NULL,"1","1","8","谢冰冰","5","周石富 ",0,0.17,140000
147,"GC0084","维宝视","0","GH20100218","63B-561M","GCRH63B-561M-D","63B 560UH +/-20% 封胶",0.6,"0",0,"",NULL,6000,3600,0,0,0,0,0,0,"2010-07-02",NULL,NULL,"201008","P10032261","GV0006","20","ACTIVE",NULL,"1","1","8","谢冰冰","10","邱永池",0,0,6000
148,"GC0015","永佳宝实业","0","PO-2010070001","12-0200-0002E","GCD105-100M","10UH 2A",0.0779,"0",0.17,"",NULL,2000,155.8,0,0,0,0,0,0,"2010-07-01",NULL,NULL,"201008","P10032261","GV0006","20","ACTIVE",NULL,"1","1","8","谢冰冰","5","周石富 ",0,0,2000
149,"GC0011","乐视视频","0","D1007010","DG2213201","ELJPA221KF-G","3225 220UH +/-10%低内阻",0.19,"1",0.17,"",NULL,10000,1900,0,0,0,0,0,0,"2010-07-17",NULL,NULL,"201008","P10032324RVE.0","GV0001","20","ACTIVE",NULL,"1","1","8","谢冰冰","5","周石富 ",0,0.17,10000
150,"GC0011","乐视视频","0","D1008013","DG2213201","ELJPA221KF-G","3225 220UH +/-10%低内阻",0.19,"1",0.17,"",NULL,2000,380,0,0,0,0,0,0,"2010-09-07",NULL,NULL,"201008","P10032324RVE.0","GV0001","20","ACTIVE",NULL,"1","1","8","谢冰冰","5","周石富 ",0,0.17,2000
151,"GC0006","喜恩碧","0","PO1004-002","LC00022EK1","ELJFB220KF-G","4532 22UH +/-10%",0.50307075,"1",0.17,"",NULL,4000,2012.283,0,0,0,0,0,0,"2010-05-24",NULL,NULL,"201008","P10032324RVE.01","GV0001","20","ACTIVE",NULL,"1","1","8","谢冰冰","3","吴松",0,0.17,4000
152,"GC0006","喜恩碧","0","PO1004-104","LC00022EK1","ELJFB220KF-G","4532 22UH +/-10%",0.50307075,"1",0.17,"",NULL,8000,4024.566,0,0,0,0,0,0,"2010-06-02",NULL,NULL,"201008","P10032324RVE.01","GV0001","20","ACTIVE",NULL,"1","1","8","谢冰冰","3","吴松",0,0.17,8000
153,"GC0006","喜恩碧","0","PO1006-201","LC00022EK1","ELJFB220KF-G","4532 22UH +/-10%",0.50307075,"1",0.17,"",NULL,2000,1006.1415,0,0,0,0,0,0,"2010-08-05",NULL,NULL,"201008","P10032324RVE.01","GV0001","20","ACTIVE",NULL,"1","1","8","谢冰冰","3","吴松",0,0.17,2000
154,"GC0006","喜恩碧","0","PO1007-044","LC00022EK1","ELJFB220KF-G","4532 22UH +/-10%",0.50307075,"1",0.17,"",NULL,16000,8049.132,0,0,0,0,0,0,"2010-08-22",NULL,NULL,"201008","P10032324RVE.01","GV0001","20","ACTIVE",NULL,"1","1","8","谢冰冰","3","吴松",0,0.17,16000
155,"GC0006","喜恩碧","0","PO1007-160","LC00022EK1","ELJFB220KF-G","4532 22UH +/-10%",0.50307075,"1",0.17,"",NULL,8000,4024.566,0,0,0,0,0,0,"2010-09-01",NULL,NULL,"201008","P10032324RVE.01","GV0001","20","ACTIVE",NULL,"1","1","8","谢冰冰","3","吴松",0,0.17,8000
156,"GC0115","科翔","0","100707002","ELJFC1R0JF","ELJFC1R0JF-G","2520 1.0UH +/-5%",0.01932,"0",0,"",NULL,40000,772.8,0,0,0,0,0,0,"2010-08-28",NULL,NULL,"201008","P10032324RVE.02","GV0001","20","ACTIVE",NULL,"1","1","8","谢冰冰","3","吴松",0,0,40000
157,"GC0115","科翔","0","100707002","ELJFC100KF","ELJFC100KF-G","2520 10UH +/-10%",0.01932,"0",0,"",NULL,102000,1970.64,0,0,0,0,0,0,"2010-08-28",NULL,NULL,"201008","P10032324RVE.02","GV0001","20","ACTIVE",NULL,"1","1","8","谢冰冰","3","吴松",0,0,102000
158,"GC0115","科翔","0","100707002","ELJFC1R0JF","ELJFC1R0JF-G","2520 1.0UH +/-5%",0.01932,"0",0,"",NULL,40000,772.8,0,0,0,0,0,0,"2010-08-28",NULL,NULL,"201008","P10032324RVE.02","GV0001","20","ACTIVE",NULL,"1","1","8","谢冰冰","3","吴松",0,0,40000
159,"GC0115","科翔","0","100707002","ELJFA470KF","ELJFA470KF-G","松下 3225 47UH",0.01932,"0",0,"",NULL,30000,579.6,0,0,0,0,0,0,"2010-08-28",NULL,NULL,"201008","P10032324RVE.02","GV0001","20","ACTIVE",NULL,"1","1","8","谢冰冰","3","吴松",0,0,30000
160,"GC0129","科比特","0","GH20100252","ELJPA4R7MF","ELJPA4R7MF-G","3225 4.7UH +/-20%低内阻",0.17,"1",0,"",NULL,14000,2380,0,0,0,0,0,0,"2010-08-07",NULL,NULL,"201008","P10032324RVE.02","GV0001","20","ACTIVE",NULL,"1","2","8","谢冰冰","2","曾跃群",0,0.17,14000
161,"GC0006","喜恩碧","0","PO1004-104","LC00100CK1","ELJFC101KF-G","2520 100UH +/-10%",0.21067371,"1",0.17,"",NULL,40000,8426.9484,0,0,0,0,0,0,"2010-06-02",NULL,NULL,"201008","P10032324RVE.02","GV0001","20","ACTIVE",NULL,"1","1","8","谢冰冰","3","吴松",0,0.17,40000
162,"GC0006","喜恩碧","0","PO1006-170","LC002R2DM2","ELJPA2R2MF-G","3225 2.2UH +/-20%低内阻",0.21067371,"1",0.17,"",NULL,20000,4213.4742,0,0,0,0,0,0,"2010-08-02",NULL,NULL,"201008","P10032324RVE.02","GV0001","20","ACTIVE",NULL,"1","1","8","谢冰冰","3","吴松",0,0.17,20000
163,"GC0006","喜恩碧","0","PO1007-044","LC00039CK2","ELJFC390KF-G","2520 39UH +/-10%",0.21067371,"1",0.17,"",NULL,20000,4213.4742,0,0,0,0,0,0,"2010-08-22",NULL,NULL,"201008","P10032324RVE.02","GV0001","20","ACTIVE",NULL,"1","1","8","谢冰冰","3","吴松",0,0.17,20000
164,"GC0006","喜恩碧","0","PO1007-044","LC00068CK1","ELJFC680KF-G","2520 68UH +/-10%",0.21067371,"1",0.17,"",NULL,20000,4213.4742,0,0,0,0,0,0,"2010-08-22",NULL,NULL,"201008","P10032324RVE.02","GV0001","20","ACTIVE",NULL,"1","1","8","谢冰冰","3","吴松",0,0.17,20000
165,"GC0006","喜恩碧","0","PO1007-044","LC001R5CJ1","ELJFC1R5JF-G","2520 1.5UH +/-5%",0.21067371,"1",0.17,"",NULL,14000,2949.4319,0,0,0,0,0,0,"2010-08-22",NULL,NULL,"201008","P10032324RVE.02","GV0001","20","ACTIVE",NULL,"1","1","8","谢冰冰","3","吴松",0,0.17,14000
166,"GC0006","喜恩碧","0","PO1007-044","LC002R2DM2","ELJPA2R2MF-G","3225 2.2UH +/-20%低内阻",0.21067371,"1",0.17,"",NULL,20000,4213.4742,0,0,0,0,0,0,"2010-08-22",NULL,NULL,"201008","P10032324RVE.02","GV0001","20","ACTIVE",NULL,"1","1","8","谢冰冰","3","吴松",0,0.17,20000
167,"GC0006","喜恩碧","0","PO1007-044","LC004R7CJ1","ELJFC4R7JF-G","2520 4.7UH +/-5%",0.21067371,"1",0.17,"",NULL,6000,1264.0423,0,0,0,0,0,0,"2010-08-22",NULL,NULL,"201008","P10032324RVE.02","GV0001","20","ACTIVE",NULL,"1","1","8","谢冰冰","3","吴松",0,0.17,6000
168,"GC0006","喜恩碧","0","PO1007-044","LC004R7DM2","ELJPA4R7MF-G","3225 4.7UH +/-20%低内阻",0.2464882407,"1",0.17,"",NULL,14000,3450.8354,0,0,0,0,0,0,"2010-08-22",NULL,NULL,"201008","P10032324RVE.02","GV0001","20","ACTIVE",NULL,"1","1","8","谢冰冰","3","吴松",0,0.17,14000
169,"GC0006","喜恩碧","0","PO1007-111","LC004R7CJ1","ELJFC4R7JF-G","2520 4.7UH +/-5%",0.21067371,"1",0.17,"",NULL,6000,1264.0423,0,0,0,0,0,0,"2010-09-01",NULL,NULL,"201008","P10032324RVE.02","GV0001","20","ACTIVE",NULL,"1","1","8","谢冰冰","3","吴松",0,0.17,6000
170,"GC0006","喜恩碧","0","PO1007-111","LC004R7DM2","ELJPA4R7MF-G","3225 4.7UH +/-20%低内阻",0.21067371,"1",0.17,"",NULL,6000,1264.0423,0,0,0,0,0,0,"2010-09-01",NULL,NULL,"201008","P10032324RVE.02","GV0001","20","ACTIVE",NULL,"1","1","8","谢冰冰","3","吴松",0,0.17,6000
171,"GC0069","建恩","0","PG4779","107H-0547-B4-L","GCD52-4R7NC","52 4.7UH +/-25%",0.5616,"1",0.17,"",NULL,4000,2246.4,0,0,0,0,0,0,"2010-09-02",NULL,NULL,"201008","P10032341","GV0005","20","ACTIVE",NULL,"1","1","8","谢冰冰","4","曾湘杰",0,0.17,4000
172,"GC0048","建威","0","PO2010060257","12-0400-0007E","GCRH2D18A/HP-4R7NC","2D18A/HP 4.7UH 高度2MM DCR小于78M欧 可耐电流0.63A +/-25% 对角型脚位",0.495,"0",0,"",NULL,98000,48510,0,0,0,0,0,0,"2010-06-17",NULL,NULL,"201008","P10032341","GV0005","20","ACTIVE",NULL,"1","1","8","谢冰冰","6","蒋忠旭",0,0,98000
173,"GC0048","建威","0","PO2010080039","12-0400-0007E","GCRH2D18A/HP-4R7NC","2D18A/HP 4.7UH 高度2MM DCR小于78M欧 可耐电流0.63A +/-25% 对角型脚位",0.48,"0",0,"调价后的价格，上一张单还是按原价卖",NULL,50000,24000,0,0,0,0,0,0,"2010-08-09",NULL,NULL,"201008","P10032341","GV0005","20","ACTIVE",NULL,"1","1","8","谢冰冰","6","蒋忠旭",0,0,50000
174,"GC0013","创力仕实业","0","1007088","FSMR-FSLM25201R0K","#FSLM2520-1R0J=P2","TOKO",0.485,"1",0.17,"",NULL,70000,33950,0,0,0,0,0,0,"2010-12-01",NULL,NULL,"201008","P10032375","GV0003","20","ACTIVE",NULL,"1","1","8","谢冰冰","5","周石富 ",0,0.17,70000
175,"GC0013","创力仕实业","0","1007088","FSMR-FSLM25201R0K","#FSLM2520-1R0J=P2","TOKO",0.485,"1",0.17,"",NULL,70000,33950,0,0,0,0,0,0,"2011-01-03",NULL,NULL,"201008","P10032375","GV0003","20","ACTIVE",NULL,"1","1","8","谢冰冰","5","周石富 ",0,0.17,70000
176,"GC0013","创力仕实业","0","1007088","FSMR-FSLM25201R0K","#FSLM2520-1R0J=P2","TOKO",0.485,"1",0.17,"",NULL,60000,29100,0,0,0,0,0,0,"2011-02-09",NULL,NULL,"201008","P10032375","GV0003","20","ACTIVE",NULL,"1","1","8","谢冰冰","5","周石富 ",0,0.17,60000
177,"GC0013","创力仕实业","0","1007088","FSMR-FSLM25201R0K","#FSLM2520-1R0J=P2","TOKO",0.485,"1",0.17,"",NULL,48000,23280,0,0,0,0,0,0,"2011-03-01",NULL,NULL,"201008","P10032375","GV0003","20","ACTIVE",NULL,"1","1","8","谢冰冰","5","周石富 ",0,0.17,48000
178,"GC0013","创力仕实业","0","1007088","FSMR-FSLM25202R7J","#FSLM2520-2R7J=P2","TOKO",0.31,"1",0.17,"",NULL,70000,21700,0,0,0,0,0,0,"2010-12-01",NULL,NULL,"201008","P10032375","GV0003","20","ACTIVE",NULL,"1","1","8","谢冰冰","5","周石富 ",0,0.17,70000
179,"GC0013","创力仕实业","0","1007088","FSMR-FSLM25202R7J","#FSLM2520-2R7J=P2","TOKO",0.31,"1",0.17,"",NULL,70000,21700,0,0,0,0,0,0,"2011-01-03",NULL,NULL,"201008","P10032375","GV0003","20","ACTIVE",NULL,"1","1","8","谢冰冰","5","周石富 ",0,0.17,70000
180,"GC0013","创力仕实业","0","1007088","FSMR-FSLM25202R7J","#FSLM2520-2R7J=P2","TOKO",0.31,"1",0.17,"",NULL,60000,18600,0,0,0,0,0,0,"2011-02-09",NULL,NULL,"201008","P10032375","GV0003","20","ACTIVE",NULL,"1","1","8","谢冰冰","5","周石富 ",0,0.17,60000
181,"GC0013","创力仕实业","0","1007088","FSMR-FSLM25202R7J","#FSLM2520-2R7J=P2","TOKO",0.31,"1",0.17,"",NULL,48000,14880,0,0,0,0,0,0,"2011-03-01",NULL,NULL,"201008","P10032375","GV0003","20","ACTIVE",NULL,"1","1","8","谢冰冰","5","周石富 ",0,0.17,48000
182,"GC0013","创力仕实业","0","1007088","FSMR-LL1608FSL10N","LL1608-FSL10NJ","TOKO",0.15,"1",0.17,"",NULL,140000,21000,0,0,0,0,0,0,"2010-12-01",NULL,NULL,"201008","P10032375","GV0003","20","ACTIVE",NULL,"1","1","8","谢冰冰","5","周石富 ",0,0.17,140000
183,"GC0013","创力仕实业","0","1007088","FSMR-LL1608FSL10N","LL1608-FSL10NJ","TOKO",0.15,"1",0.17,"",NULL,140000,21000,0,0,0,0,0,0,"2011-01-03",NULL,NULL,"201008","P10032375","GV0003","20","ACTIVE",NULL,"1","1","8","谢冰冰","5","周石富 ",0,0.17,140000
184,"GC0013","创力仕实业","0","1007088","FSMR-LL1608FSL10N","LL1608-FSL10NJ","TOKO",0.15,"1",0.17,"",NULL,120000,18000,0,0,0,0,0,0,"2011-02-09",NULL,NULL,"201008","P10032375","GV0003","20","ACTIVE",NULL,"1","1","8","谢冰冰","5","周石富 ",0,0.17,120000
185,"GC0013","创力仕实业","0","1007088","FSMR-LL1608FSL10N","LL1608-FSL10NJ","TOKO",0.15,"1",0.17,"",NULL,100000,15000,0,0,0,0,0,0,"2011-03-01",NULL,NULL,"201008","P10032375","GV0003","20","ACTIVE",NULL,"1","1","8","谢冰冰","5","周石富 ",0,0.17,100000
186,"GC0122","金轮RMB","0","GR-GD1006D","GCRH104RNP-470N","GCRH104R-470NC","47UH 要求参数与SUMIDA料号：CDRH104RNP-470NC完全相同，特别是DCR，500PCS/R",1.1,"0",0,"",NULL,10000,11000,0,0,0,0,0,0,"2010-08-09",NULL,NULL,"201008","P10032381","GV0005","20","ACTIVE",NULL,"1","1","8","谢冰冰","3","吴松",0,0,10000
187,"GC0104","杰信","0","AEL201009009-1462-04","SCDS6D38T-100M-S-N","SCDS6D38T-100M-S-N","CHILISIN INDUCTOR 10UH,2.A,38 MILLIOHM",0.95,"0",0,"可确定明细",NULL,14000,13300,0,0,0,0,0,0,"2010-08-01",NULL,NULL,"201008","P10032395RVE.01","GV0027","20","ACTIVE",NULL,"1","1","8","谢冰冰","8","谢冰冰",0,0,14000
188,"GC0019","金三立视频","0","B1005003","L.C.01013000","GSLF7032T-100M","1.3A 10UH",1.15,"1",0.17,"",NULL,1000,1150,0,0,0,0,0,0,"2010-07-11",NULL,NULL,"201008","P10032412","GV0005","20","ACTIVE",NULL,"1","1","8","谢冰冰","5","周石富 ",0,0.17,1000
189,"GC0019","金三立视频","0","B1007032","L.C.01013000","GSLF7032T-100M","1.3A 10UH",1.15,"1",0.17,"",NULL,5000,5750,0,0,0,0,0,0,"2010-07-11",NULL,NULL,"201008","P10032412","GV0005","20","ACTIVE",NULL,"1","1","8","谢冰冰","5","周石富 ",0,0.17,5000
190,"GC0019","金三立视频","0","B1007032","L.D.01002000","GCRH104R-100M","2A 10UH",0.82,"1",0.17,"",NULL,1000,820,0,0,0,0,0,0,"2010-07-11",NULL,NULL,"201008","P10032425","GV0006","20","ACTIVE",NULL,"1","1","8","谢冰冰","5","周石富 ",0,0.17,1000
191,"GC0013","创力仕实业","0","1007088","FSMR-LLQ1608FR33J","LLQ1608-FR33J","要求和TOKO P/N:LLQ1608-FR33J电气性能一致,包装及编带和TOKO LLQ1608系列一致",0.535,"1",0.17,"",NULL,140000,74900,0,0,0,0,0,0,"2011-01-03",NULL,NULL,"201008","P10032433","GV0011","20","ACTIVE",NULL,"1","1","8","谢冰冰","5","周石富 ",0,0.17,140000
192,"GC0013","创力仕实业","0","1007088","FSMR-LLQ1608FR33J","LLQ1608-FR33J","要求和TOKO P/N:LLQ1608-FR33J电气性能一致,包装及编带和TOKO LLQ1608系列一致",0.535,"1",0.17,"",NULL,120000,64200,0,0,0,0,0,0,"2011-02-09",NULL,NULL,"201008","P10032433","GV0011","20","ACTIVE",NULL,"1","1","8","谢冰冰","5","周石富 ",0,0.17,120000
193,"GC0013","创力仕实业","0","1007088","FSMR-LLQ1608FR33J","LLQ1608-FR33J","要求和TOKO P/N:LLQ1608-FR33J电气性能一致,包装及编带和TOKO LLQ1608系列一致",0.535,"1",0.17,"",NULL,100000,53500,0,0,0,0,0,0,"2011-03-01",NULL,NULL,"201008","P10032433","GV0011","20","ACTIVE",NULL,"1","1","8","谢冰冰","5","周石富 ",0,0.17,100000
194,"GC0013","创力仕实业","0","1007088","FSMR-DLW21SN181S","DLW21SN181SQ2L","0805 180 OHM",0.77,"1",0.17,"",NULL,70000,53900,0,0,0,0,0,0,"2010-12-01",NULL,NULL,"201008","P10032448","GV0012","20","ACTIVE",NULL,"1","1","8","谢冰冰","5","周石富 ",0,0.17,70000
195,"GC0013","创力仕实业","0","1007088","FSMR-DLW21SN181S","DLW21SN181SQ2L","0805 180 OHM",0.77,"1",0.17,"",NULL,70000,53900,0,0,0,0,0,0,"2011-01-03",NULL,NULL,"201008","P10032448","GV0012","20","ACTIVE",NULL,"1","1","8","谢冰冰","5","周石富 ",0,0.17,70000
196,"GC0013","创力仕实业","0","1007088","FSMR-DLW21SN181S","DLW21SN181SQ2L","0805 180 OHM",0.77,"1",0.17,"",NULL,60000,46200,0,0,0,0,0,0,"2011-02-09",NULL,NULL,"201008","P10032448","GV0012","20","ACTIVE",NULL,"1","1","8","谢冰冰","5","周石富 ",0,0.17,60000
197,"GC0013","创力仕实业","0","1007088","FSMR-DLW21SN181S","DLW21SN181SQ2L","0805 180 OHM",0.77,"1",0.17,"",NULL,50000,38500,0,0,0,0,0,0,"2011-03-01",NULL,NULL,"201008","P10032448","GV0012","20","ACTIVE",NULL,"1","1","8","谢冰冰","5","周石富 ",0,0.17,50000
198,"GC0013","创力仕实业","0","1007088","FSRR-A7503CY-330M","A7503CY-330M","TOKO",0.85,"1",0.17,"",NULL,71000,60350,0,0,0,0,0,0,"2010-12-01",NULL,NULL,"201008","P10032459","GV0028","20","ACTIVE",NULL,"1","1","8","谢冰冰","5","周石富 ",0,0.17,71000
199,"GC0013","创力仕实业","0","1007088","FSRR-A7503CY-330M","A7503CY-330M","TOKO",0.85,"1",0.17,"",NULL,70000,59500,0,0,0,0,0,0,"2011-01-03",NULL,NULL,"201008","P10032459","GV0028","20","ACTIVE",NULL,"1","1","8","谢冰冰","5","周石富 ",0,0.17,70000
200,"GC0013","创力仕实业","0","1007088","FSRR-A7503CY-330M","A7503CY-330M","TOKO",0.85,"1",0.17,"",NULL,60000,51000,0,0,0,0,0,0,"2011-02-09",NULL,NULL,"201008","P10032459","GV0028","20","ACTIVE",NULL,"1","1","8","谢冰冰","5","周石富 ",0,0.17,60000
201,"GC0013","创力仕实业","0","1007088","FSRR-A7503CY-330M","A7503CY-330M","TOKO",0.85,"1",0.17,"",NULL,50000,42500,0,0,0,0,0,0,"2011-03-01",NULL,NULL,"201008","P10032459","GV0028","20","ACTIVE",NULL,"1","1","8","谢冰冰","5","周石富 ",0,0.17,50000
202,"GC0064","保千里","0","2010061003","56UH/3225","ELJPA560KF-G","3225 56UH",0.19,"0",0,"机型：872EC 生产单号：RYE-100330-02",NULL,10000,1900,0,0,0,0,0,0,"2010-08-09",NULL,NULL,"201008","P10032477","GV0001","20","ACTIVE",NULL,"1","1","8","谢冰冰","6","蒋忠旭",0,0,10000
203,"GC0064","保千里","0","2010070104","56UH/3225","ELJPA560KF-G","3225 56UH",0.19,"0",0,"",NULL,10000,1900,0,0,0,0,0,0,"2010-08-09",NULL,NULL,"201008","P10032477","GV0001","20","ACTIVE",NULL,"1","1","8","谢冰冰","6","蒋忠旭",0,0,10000
204,"GC0064","保千里","0","2010080501","56UH/3225","ELJPA560KF-G","3225 56UH",0.19,"0",0,"",NULL,10000,1900,0,0,0,0,0,0,"2010-08-09",NULL,NULL,"201008","P10032477","GV0001","20","ACTIVE",NULL,"1","1","8","谢冰冰","6","蒋忠旭",0,0,10000
205,"GC0016","飞歌汽车音响","0","FA-PO-A20100713007","DZ03V0022R0","GCRH74-102M","74 1000UH +/-20%",0.74,"1",0.17,"",NULL,3000,2220,0,0,0,0,0,0,"2010-08-15",NULL,NULL,"201008","P10032491","GV0005","20","ACTIVE",NULL,"1","1","8","谢冰冰","5","周石富 ",0,0.17,3000
206,"GC0016","飞歌汽车音响","0","FA-PO-A20100713007","DZ03V0022R0","GCRH74-102M","74 1000UH +/-20%",0.74,"1",0.17,"",NULL,3000,2220,0,0,0,0,0,0,"2010-10-15",NULL,NULL,"201008","P10032491","GV0005","20","ACTIVE",NULL,"1","1","8","谢冰冰","5","周石富 ",0,0.17,3000
207,"GC0016","飞歌汽车音响","0","FA-PO-A20100713007","DZ03V0009R0","GCRH125-470M","125 47UH +/-20%",0.75,"1",0.17,"",NULL,3000,2250,0,0,0,0,0,0,"2010-08-15",NULL,NULL,"201008","P10032491","GV0005","20","ACTIVE",NULL,"1","1","8","谢冰冰","5","周石富 ",0,0.17,3000
208,"GC0016","飞歌汽车音响","0","FA-PO-A20100713007","DZ03V0009R0","GCRH125-470M","125 47UH +/-20%",0.75,"1",0.17,"",NULL,2500,1875,0,0,0,0,0,0,"2010-10-15",NULL,NULL,"201008","P10032491","GV0005","20","ACTIVE",NULL,"1","1","8","谢冰冰","5","周石富 ",0,0.17,2500
209,"GC0069","建恩","0","PG4865","107E-1415-02-L","SDFL1608LR15KT(f)","顺络CHIP INDUCTOR 0603 150NH +/-10%",0.117,"1",0.17,"",NULL,36000,4212,0,0,0,0,0,0,"2010-09-02",NULL,NULL,"201008","P10032561","GV0014","20","ACTIVE",NULL,"1","1","8","谢冰冰","4","曾湘杰",0,0.17,36000
210,"GC0069","建恩","0","PG4865","107E-1415-02-L","SDFL1608LR15KT(f)","顺络CHIP INDUCTOR 0603 150NH +/-10%",0.117,"1",0.17,"",NULL,56000,6552,0,0,0,0,0,0,"2010-09-02",NULL,NULL,"201008","P10032561","GV0014","20","ACTIVE",NULL,"1","1","8","谢冰冰","4","曾湘杰",0,0.17,56000
211,"GC0048","建威","0","PO2010070191","12-0400-0007E","GCRH2D18A/HP-4R7NC","2D18A/HP 4.7UH 高度2MM DCR小于78M欧 可耐电流0.63A +/-25% 对角型脚位",0.48,"0",0,"",NULL,100000,48000,0,0,0,0,0,0,"2010-07-18",NULL,NULL,"201008","P10032588","GV0005","20","ACTIVE",NULL,"1","1","8","谢冰冰","6","蒋忠旭",0,0,100000
212,"GC0069","建恩","0","PG4907","107H-0547-B4-L","GCD52-4R7NC","52 4.7UH +/-25%",0.5616,"1",0.17,"",NULL,826,463.8816,0,0,0,0,0,0,"2010-09-21",NULL,NULL,"201008","P10032615","GV0005","20","ACTIVE",NULL,"1","1","8","谢冰冰","4","曾湘杰",0,0.17,826
213,"GC0120","数字印数码","0","1007B0000642","MG1LC01R53KC00","GCRH2D14AT-1R5NC","2000mA 1.5UH 对角型脚位 +/-30%",0.55,"0",0,"",NULL,1000,550,0,0,0,0,0,0,"2010-08-03",NULL,NULL,"201008","P10032666","GV0005","20","ACTIVE",NULL,"1","1","8","谢冰冰","6","蒋忠旭",0,0,1000
214,"GC0127","康乾电子","0","201007026004","GCRH3D28/LD-101NC","GCRH3D28/LD-101NC","3D28 100UH +/-25% 半月型脚位\r\n",0.78,"0",0,"",NULL,2500,1950,0,0,0,0,0,0,"2010-08-09",NULL,NULL,"201008","P10032666","GV0005","20","ACTIVE",NULL,"1","3","8","谢冰冰","10","邱永池",0,0,2500
215,"GC0049","美赛达","0","CG-10-07-29-1525","105100U07","GCRH104R-101NC","104R 100UH +/-25%\r\n",0.68,"0",0,"",NULL,2000,1360,0,0,0,0,0,0,"2010-08-09",NULL,NULL,"201008","P10032666","GV0005","20","ACTIVE",NULL,"1","1","8","谢冰冰","6","蒋忠旭",0,0,2000
216,"GC0013","创力仕实业","0","1007447","FSMR-FSLM25202R7J","#FSLM2520-2R7J=P2","TOKO",0.31,"1",0.17,"",NULL,60000,18600,0,0,0,0,0,0,"2010-11-01",NULL,NULL,"201008","P10032709","GV0003","20","ACTIVE",NULL,"1","1","8","谢冰冰","5","周石富 ",0,0.17,60000
217,"GC0013","创力仕实业","0","1007447","FSMR-FSLM25202R7J","#FSLM2520-2R7J=P2","TOKO",0.31,"1",0.17,"",NULL,60000,18600,0,0,0,0,0,0,"2010-12-01",NULL,NULL,"201008","P10032709","GV0003","20","ACTIVE",NULL,"1","1","8","谢冰冰","5","周石富 ",0,0.17,60000
218,"GC0013","创力仕实业","0","1007447","FSMR-FSLM25202R7J","#FSLM2520-2R7J=P2","TOKO",0.31,"1",0.17,"",NULL,70000,21700,0,0,0,0,0,0,"2011-03-01",NULL,NULL,"201008","P10032709","GV0003","20","ACTIVE",NULL,"1","1","8","谢冰冰","5","周石富 ",0,0.17,70000
219,"GC0013","创力仕实业","0","1007447","FSMR-FSLM25202R7J","#FSLM2520-2R7J=P2","TOKO",0.31,"1",0.17,"",NULL,70000,21700,0,0,0,0,0,0,"2011-02-09",NULL,NULL,"201008","P10032709","GV0003","20","ACTIVE",NULL,"1","1","8","谢冰冰","5","周石富 ",0,0.17,70000
220,"GC0013","创力仕实业","0","1007447","FSMR-FSLM25202R7J","#FSLM2520-2R7J=P2","TOKO",0.31,"1",0.17,"",NULL,40000,12400,0,0,0,0,0,0,"2011-03-01",NULL,NULL,"201008","P10032709","GV0003","20","ACTIVE",NULL,"1","1","8","谢冰冰","5","周石富 ",0,0.17,40000
221,"GC0121","王强","0","GH20100233","#FSLM2520-221J=P2","#FSLM2520-221J=P2","TOKO",0.29,"0",0,"",NULL,30000,8700,0,0,0,0,0,0,"2010-08-09",NULL,NULL,"201008","P10032709","GV0003","20","ACTIVE",NULL,"1","2","8","谢冰冰","3","吴松",0,0,30000
222,"GC0121","王强","0","GH20100233","LL1608-FSL15NJ","GLE-15NJ-L-01","TOKO",0.068,"0",0,"",NULL,52000,3536,0,0,0,0,0,0,"2010-08-09",NULL,NULL,"201008","P10032709","GV0003","20","ACTIVE",NULL,"1","2","8","谢冰冰","3","吴松",0,0,52000
223,"GC0005","金轮","0","GR-GD1012Z","#892NBS-470M=P3","#892NBS-470M=P3","TOKO",0.5,"0",0,"可确定明细",NULL,1500,750,0,0,0,0,0,0,"2010-08-09",NULL,NULL,"201008","P10032709","GV0003","20","ACTIVE",NULL,"1","1","8","谢冰冰","3","吴松",0,0,1500
224,"GC0005","金轮","0","GR-GD1012Z","#126ANS-T1098Z","GLE-1098-L-01","TOKO",0.24,"0",0,"可确定明细",NULL,2000,480,0,0,0,0,0,0,"2010-08-09",NULL,NULL,"201008","P10032709","GV0003","20","ACTIVE",NULL,"1","1","8","谢冰冰","3","吴松",0,0,2000
225,"GC0005","金轮","0","GR-GD1012Z","#5PLC-1055Z","GLE-1055-L-01","TOKO",0.24,"0",0,"可确定明细",NULL,2000,480,0,0,0,0,0,0,"2010-08-09",NULL,NULL,"201008","P10032709","GV0003","20","ACTIVE",NULL,"1","1","8","谢冰冰","3","吴松",0,0,2000
226,"GC0005","金轮","0","GR-GD1014Z","LL1608-FSL8N2J","LL1608-FSL8N2J","TOKO\r\n",0.011,"0",0,"可确定明细",NULL,20000,220,0,0,0,0,0,0,"2010-08-09",NULL,NULL,"201008","P10032709","GV0003","20","ACTIVE",NULL,"1","1","8","谢冰冰","3","吴松",0,0,20000
227,"GC0005","金轮","0","GR-GD1017Z","#A921CY-100M=P3","GLE-100M-L-02","TOKO",0.17,"0",0,"可确定明细",NULL,15000,2550,0,0,0,0,0,0,"2010-08-09",NULL,NULL,"201008","P10032709","GV0003","20","ACTIVE",NULL,"1","1","8","谢冰冰","3","吴松",0,0,15000
228,"GC0005","金轮","0","GR-GD1017Z","#875FU-682M=P3","GLE-0682-L-01","TOKO",0.2,"0",0,"可确定明细",NULL,6000,1200,0,0,0,0,0,0,"2010-08-09",NULL,NULL,"201008","P10032709","GV0003","20","ACTIVE",NULL,"1","1","8","谢冰冰","3","吴松",0,0,6000
229,"GC0005","金轮","0","GR-GD1017Z","#919AS-1R8N=P3","#919AS-1R8N=P3","TOKO",0.42,"0",0,"可确定明细",NULL,2500,1050,0,0,0,0,0,0,"2010-08-09",NULL,NULL,"201008","P10032709","GV0003","20","ACTIVE",NULL,"1","1","8","谢冰冰","3","吴松",0,0,2500
230,"GC0005","金轮","0","GR-GD1017Z","LL1608-FSL6N8J","LL1608-FSL6N8J","TOKO\r\n",0.011,"0",0,"可确定明细",NULL,28000,308,0,0,0,0,0,0,"2010-08-09",NULL,NULL,"201008","P10032709","GV0003","20","ACTIVE",NULL,"1","1","8","谢冰冰","3","吴松",0,0,28000
231,"GC0005","金轮","0","GR-GD1018Z","#A638AN-0156Z=P3","GLE-0156-L-04","松下 3*3-50K欧 #A638AN-0156Z=P3\r\n",0.45,"0",0,"可确定明细",NULL,1500,675,0,0,0,0,0,0,"2010-08-09",NULL,NULL,"201008","P10032709","GV0003","20","ACTIVE",NULL,"1","1","8","谢冰冰","3","吴松",0,0,1500
232,"GC0069","建恩","0","PG4907","107E-0547-03-L","#A997AS-4R7M","4.7UH TOKO",1.4625,"1",0.17,"",NULL,2000,2925,0,0,0,0,0,0,"2010-09-21",NULL,NULL,"201008","P10032710","GV0028","20","ACTIVE",NULL,"1","1","8","谢冰冰","4","曾湘杰",0,0.17,2000
233,"GC0127","康乾电子","0","201007029006","GCRH105R-101NC","GCRH105R-101NC","105R 100UH +/-25%\r\n",0.9,"0",0,"",NULL,800,720,0,0,0,0,0,0,"2010-08-09",NULL,NULL,"201008","P10032722","GV0005","20","ACTIVE",NULL,"1","3","8","谢冰冰","10","邱永池",0,0,800
234,"GC0107","泽昶","0","CZ20100727001","GCRH127-330N","GCRH127-330NC","127 33UH +/-25%",0.9,"1",0.17,"",NULL,6000,5400,0,0,0,0,0,0,"2010-08-06",NULL,NULL,"201008","P10032722","GV0005","20","ACTIVE",NULL,"1","1","8","谢冰冰","8","谢冰冰",0,0.17,6000
235,"GC0083","昱鑫共创","0","YX10072608","GCRH4D18-331NC","GCRH4D18-331NC","4D18 330UH +/-25%",0.56,"0",0,"可确定明细",NULL,4000,2240,0,0,0,0,0,0,"2010-07-30",NULL,NULL,"201008","P10032722","GV0005","20","ACTIVE",NULL,"1","1","8","谢冰冰","10","邱永池",0,0,4000
236,"GC0031","利明实业","0","PO10072730","EDI332CD3201","GCD32-3R3NC","32 3.3UH  +/-25%25%\r\n",0.25,"1",0.17,"",NULL,12000,3000,0,0,0,0,0,0,"2010-07-31",NULL,NULL,"201008","P10032736","GV0006","20","ACTIVE",NULL,"1","1","8","谢冰冰","8","谢冰冰",0,0.17,12000
237,"GC0103","荣文灯饰","0","4503040991","L00-4703","SPT0508A-471KR28-PF","TDK 电感 Inductor 470uH",0.0671,"0",0,"旧型号：6978-0206",NULL,28000,1878.8,0,0,0,0,0,0,"2010-08-20",NULL,NULL,"201008","P10032746","GV0018","20","ACTIVE",NULL,"1","1","8","谢冰冰","8","谢冰冰",0,0,28000
238,"GC0070","富视安","0","PO10072208","09-50-R1101","GCRH105R-111K","105R 110UH +/-10%",0.76,"1",0.17,"",NULL,2000,1520,0,0,0,0,0,0,"2010-07-27",NULL,NULL,"201008","P10032755","GV0006","20","ACTIVE",NULL,"1","1","8","谢冰冰","4","曾湘杰",0,0.17,2000
239,"GC0044","新纬图","0","XWTPO100721002","DR09L12AM10UX","GCP0910-100M","DR09L12AM10UX/10UH/3.6A/pin 间距5mm\r\n",0.35,"0",0,"",NULL,400,140,0,0,0,0,0,0,"2010-07-21",NULL,NULL,"201008","P10032755","GV0006","20","ACTIVE",NULL,"1","1","8","谢冰冰","6","蒋忠旭",0,0,400
240,"GC0028","景阳科技","0","POORD004637","CDRH2D18-1UH","GCRH2D18A/HP-1R0NC","2D18 1UH +/-25% 对角型脚位 大电流\r\n",0.8,"1",0.17,"",NULL,1000,800,0,0,0,0,0,0,"2010-08-09",NULL,NULL,"201008","P10032762","GV0005","20","ACTIVE",NULL,"1","1","8","谢冰冰","10","邱永池",0,0.17,1000
241,"GC0120","数字印数码","0","1007B0001095","MG1LC01U54WC00","GCRH3D16A/HP-1R5M","3D16 1.5UH +/-20% 对角型脚位 大电流\r\n",0.5,"0",0,"",NULL,1000,500,0,0,0,0,0,0,"2010-08-09",NULL,NULL,"201008","P10032781","GV0005","20","ACTIVE",NULL,"1","1","8","谢冰冰","6","蒋忠旭",0,0,1000
242,"GC0049","美赛达","0","CG-10-08-04-1607","10510UH10","GCRH8D43-100NC","8D43 10UH +/-25%\r\n",0.82,"0",0,"",NULL,1000,820,0,0,0,0,0,0,"2010-08-07",NULL,NULL,"201008","P10032781","GV0005","20","ACTIVE",NULL,"1","1","8","谢冰冰","6","蒋忠旭",0,0,1000
243,"GC0049","美赛达","0","CG-10-08-04-1607","105100U07","GCRH104R-101NC","104R 100UH +/-25%\r\n",0.68,"0",0,"",NULL,1000,680,0,0,0,0,0,0,"2010-08-07",NULL,NULL,"201008","P10032781","GV0005","20","ACTIVE",NULL,"1","1","8","谢冰冰","6","蒋忠旭",0,0,1000
244,"GC0112","中海达","0","CGDD0330","011202040","GCRH3D14A-100NC","3D14A 10UH +/-25% 对角型脚位",1.13,"1",0.17,"",NULL,6000,6780,0,0,0,0,0,0,"2010-08-16",NULL,NULL,"201008","P10032781","GV0005","20","ACTIVE",NULL,"1","3","8","谢冰冰","8","谢冰冰",0,0.17,6000
245,"GC0098","罡扇广联（税）","0","GH20100248-1","CDH4B18-470UH","GCRH4D18-471M","4D18 470UH +/-20%",0.53,"1",0.17,"",NULL,11500,6095,0,0,0,0,0,0,"2010-08-10",NULL,NULL,"201008","P10032781","GV0005","20","ACTIVE",NULL,"1","1","8","谢冰冰","5","周石富 ",0,0.17,11500
246,"GC0098","罡扇广联（税）","0","GH20100248-1","CDH4B18-330UH","GCRH4D18-331NC","4D18 330UH +/-25%",0.53,"1",0.17,"",NULL,30000,15900,0,0,0,0,0,0,"2010-08-10",NULL,NULL,"201008","P10032781","GV0005","20","ACTIVE",NULL,"1","1","8","谢冰冰","5","周石富 ",0,0.17,30000
247,"GC0098","罡扇广联（税）","0","GH20100248-1","CD75-47UH","GCD75-470M","75 47UH +/-20%",0.46,"1",0.17,"",NULL,1000,460,0,0,0,0,0,0,"2010-08-10",NULL,NULL,"201008","P10032781","GV0005","20","ACTIVE",NULL,"1","1","8","谢冰冰","5","周石富 ",0,0.17,1000
248,"GC0083","昱鑫共创","0","YX10073101","470 3D28","GCRH3D28-470NC","3D28 47UH +/-25% 半月型脚位",0.6,"0",0,"可确定明细",NULL,25000,15000,0,0,0,0,0,0,"2010-08-03",NULL,NULL,"201008","P10032781","GV0005","20","ACTIVE",NULL,"1","1","8","谢冰冰","10","邱永池",0,0,25000
249,"GC0084","维宝视","0","GH20100246","63B-561M","GCRH63B-561M-D","63B 560UH +/-20% 封胶",0.6,"0",0,"",NULL,10000,6000,0,0,0,0,0,0,"2010-08-04",NULL,NULL,"201008","P10032795","GV0006","20","ACTIVE",NULL,"1","1","8","谢冰冰","10","邱永池",0,0,10000
250,"GC0084","维宝视","0","GH20100250","GCRH63B-151K","GCRH63B-151K","63B 150UH +/-10%\r\n",0.6,"0",0,"",NULL,2000,1200,0,0,0,0,0,0,"2010-08-09",NULL,NULL,"201008","P10032795","GV0006","20","ACTIVE",NULL,"1","1","8","谢冰冰","10","邱永池",0,0,2000
251,"GC0050","鸿莱克斯","0","1008004","15010002","GCD43-471M","43 470UH +/-20%",0.25,"0",0,"",NULL,10000,2500,0,0,0,0,0,0,"2010-08-09",NULL,NULL,"201008","P10032800-1","GV0005","20","ACTIVE",NULL,"1","1","8","谢冰冰","6","蒋忠旭",0,0,10000
252,"GC0131","中诺基","0","W88-614005","GCD32-220NC","GCD32-220NC","32 22UH +/-25%",0.28,"1",0.17,"",NULL,2000,560,0,0,0,0,0,0,"2010-08-04",NULL,NULL,"201008","P10032800","GV0031","20","ACTIVE",NULL,"1","2","8","谢冰冰","2","曾跃群",0,0.17,2000
253,"GC0131","中诺基","0","W88-614005","Z600-0003-030R","GCD32-470NC","32 47UH +/-25%",0.28,"1",0.17,"",NULL,2000,560,0,0,0,0,0,0,"2010-08-04",NULL,NULL,"201008","P10032800","GV0031","20","ACTIVE",NULL,"1","2","8","谢冰冰","2","曾跃群",0,0.17,2000
254,"GC0013","创力仕实业","0","1007447","FSMR-LLQ1608FR33J","LLQ1608-FR33J","要求和TOKO P/N:LLQ1608-FR33J电气性能一致,包装及编带和TOKO LLQ1608系列一致",0.535,"1",0.17,"",NULL,60000,32100,0,0,0,0,0,0,"2010-11-01",NULL,NULL,"201008","P10032812","GV0011","20","ACTIVE",NULL,"1","1","8","谢冰冰","5","周石富 ",0,0.17,60000
255,"GC0013","创力仕实业","0","1007447","FSMR-LLQ1608FR33J","LLQ1608-FR33J","要求和TOKO P/N:LLQ1608-FR33J电气性能一致,包装及编带和TOKO LLQ1608系列一致",0.535,"1",0.17,"",NULL,60000,32100,0,0,0,0,0,0,"2010-12-01",NULL,NULL,"201008","P10032812","GV0011","20","ACTIVE",NULL,"1","1","8","谢冰冰","5","周石富 ",0,0.17,60000
256,"GC0013","创力仕实业","0","1007447","FSMR-LLQ1608FR33J","LLQ1608-FR33J","要求和TOKO P/N:LLQ1608-FR33J电气性能一致,包装及编带和TOKO LLQ1608系列一致",0.535,"1",0.17,"",NULL,72000,38520,0,0,0,0,0,0,"2011-03-01",NULL,NULL,"201008","P10032812","GV0011","20","ACTIVE",NULL,"1","1","8","谢冰冰","5","周石富 ",0,0.17,72000
257,"GC0013","创力仕实业","0","1007447","FSMR-LLQ1608FR33J","LLQ1608-FR33J","要求和TOKO P/N:LLQ1608-FR33J电气性能一致,包装及编带和TOKO LLQ1608系列一致",0.535,"1",0.17,"",NULL,69000,36915,0,0,0,0,0,0,"2011-02-09",NULL,NULL,"201008","P10032812","GV0011","20","ACTIVE",NULL,"1","1","8","谢冰冰","5","周石富 ",0,0.17,69000
258,"GC0013","创力仕实业","0","1007447","FSMR-LLQ1608FR33J","LLQ1608-FR33J","要求和TOKO P/N:LLQ1608-FR33J电气性能一致,包装及编带和TOKO LLQ1608系列一致",0.535,"1",0.17,"",NULL,42000,22470,0,0,0,0,0,0,"2011-03-01",NULL,NULL,"201008","P10032812","GV0011","20","ACTIVE",NULL,"1","1","8","谢冰冰","5","周石富 ",0,0.17,42000
259,"GC0031","利明实业","0","PO10072721","EMB0603600R1","GCZ1608D601TF","0603 100MHZ 600欧",0.019,"1",0.17,"",NULL,16000,304,0,0,0,0,0,0,"2010-07-30",NULL,NULL,"201008","P10032835","GV0009","20","ACTIVE",NULL,"1","1","8","谢冰冰","8","谢冰冰",0,0.17,16000
260,"GC0031","利明实业","0","PO10080314","EMB0603600R1","GCZ1608D601TF","0603 100MHZ 600欧",0.019,"1",0.17,"",NULL,8000,152,0,0,0,0,0,0,"2010-08-09",NULL,NULL,"201008","P10032835","GV0009","20","ACTIVE",NULL,"1","1","8","谢冰冰","8","谢冰冰",0,0.17,8000
261,"GC0031","利明实业","0","PO10080614","EMB0603600R1","GCZ1608D601TF","0603 100MHZ 600欧",0.019,"1",0.17,"",NULL,16000,304,0,0,0,0,0,0,"2010-08-10",NULL,NULL,"201008","P10032835","GV0009","20","ACTIVE",NULL,"1","1","8","谢冰冰","8","谢冰冰",0,0.17,16000
262,"GC0107","泽昶","0","CZ20100806001","GCRH127-330N","GCRH127-330NC","127 33UH +/-25%",0.9,"1",0.17,"",NULL,4000,3600,0,0,0,0,0,0,"2010-08-25",NULL,NULL,"201008","P10032855","GV0005","20","ACTIVE",NULL,"1","1","8","谢冰冰","8","谢冰冰",0,0.17,4000
263,"GC0031","利明实业","0","PO10080314","EMB0603600R1","GCZ1608D601TF","0603 100MHZ 600欧",0.019,"1",0.17,"",NULL,20000,380,0,0,0,0,0,0,"2010-08-09",NULL,NULL,"201008","P10032877","GV0009","20","ACTIVE",NULL,"1","1","8","谢冰冰","8","谢冰冰",0,0.17,20000
264,"GC0018","盈视讯","0","DPO10080073","476-EPC1700-10-00","EPC17 DIP-10","EPC17 DIP-10\r\n",2.85,"1",0.17,"",NULL,300,855,0,0,0,0,0,0,"2010-08-09",NULL,NULL,"201008","P10032881","GV0029","20","ACTIVE",NULL,"1","1","8","谢冰冰","5","周石富 ",0,17,300
265,"GC0067","易力声","0","P0R071172FY","71310001","MM3Z6V2","二极管6.2V SOD-323,BZT52C6V2SDICT-ND  先科ST",0.12,"1",0.17,"MHP-276-12",NULL,3000,360,0,0,0,0,0,0,"2010-08-30",NULL,NULL,"201008","P10032895","GV0020","20","ACTIVE",NULL,"1","1","8","谢冰冰","4","曾湘杰",0,0.17,3000
266,"GC0067","易力声","0","P0R071375FY","71310001","MM3Z6V2","二极管6.2V SOD-323,BZT52C6V2SDICT-ND  先科ST",0.12,"1",0.17,"MHP-276-12",NULL,12000,1440,0,0,0,0,0,0,"2010-09-01",NULL,NULL,"201008","P10032895","GV0020","20","ACTIVE",NULL,"1","1","8","谢冰冰","4","曾湘杰",0,0.17,12000
267,"GC0121","王强","0","GH20100249","A960AW-100M","A960AW-100M","TOKO\r\n",0.87,"0",0,"",NULL,10000,8700,0,0,0,0,0,0,"2010-08-09",NULL,NULL,"201008","P10032900","GV0003","20","ACTIVE",NULL,"1","2","8","谢冰冰","3","吴松",0,0,10000
268,"GC0005","金轮","0","GR-GD1019Z","#919AS-1R8N=P3","#919AS-1R8N=P3","TOKO",0.42,"0",0,"可确定明细",NULL,1000,420,0,0,0,0,0,0,"2010-08-09",NULL,NULL,"201008","P10032900","GV0003","20","ACTIVE",NULL,"1","1","8","谢冰冰","3","吴松",0,0,1000
269,"GC0005","金轮","0","GR-GD1019Z","#919AS-4R7M=P3","#919AS-4R7M=P3","TOKO",0.42,"0",0,"可确定明细",NULL,2000,840,0,0,0,0,0,0,"2010-08-09",NULL,NULL,"201008","P10032900","GV0003","20","ACTIVE",NULL,"1","1","8","谢冰冰","3","吴松",0,0,2000
270,"GC0005","金轮","0","GR-GD1019Z","LL1608-FSL8N2J","LL1608-FSL8N2J","TOKO\r\n",0.011,"0",0,"可确定明细",NULL,28000,308,0,0,0,0,0,0,"2010-08-09",NULL,NULL,"201008","P10032900","GV0003","20","ACTIVE",NULL,"1","1","8","谢冰冰","3","吴松",0,0,28000
271,"GC0112","中海达","0","CGDD0057","01020100412","#4DFA-1227B-11=P","滤波器 封装：4DFA",26,"1",0.17,"可确定明细",NULL,1000,26000,0,0,0,0,0,0,"2010-07-22",NULL,NULL,"201008","P10032915","GV0032","20","ACTIVE",NULL,"1","3","8","谢冰冰","8","谢冰冰",0,0.17,1000
272,"GC0112","中海达","0","CGDD0057","01020100413","#4DFA-1575B-12=P","滤波器 封装：4DFA",26,"1",0.17,"",NULL,1000,26000,0,0,0,0,0,0,"2010-07-22",NULL,NULL,"201008","P10032915","GV0032","20","ACTIVE",NULL,"1","3","8","谢冰冰","8","谢冰冰",0,0.17,1000
273,"GC0112","中海达","0","CGDD0323","01020100412","#4DFA-1227B-11=P","滤波器 封装：4DFA",26,"1",0.17,"",NULL,2000,52000,0,0,0,0,0,0,"2010-10-04",NULL,NULL,"201008","P10032915","GV0032","20","ACTIVE",NULL,"1","3","8","谢冰冰","8","谢冰冰",0,0.17,2000
274,"GC0112","中海达","0","CGDD0323","01020100413","#4DFA-1575B-12=P","滤波器 封装：4DFA",26,"1",0.17,"",NULL,2000,52000,0,0,0,0,0,0,"2010-10-04",NULL,NULL,"201008","P10032915","GV0032","20","ACTIVE",NULL,"1","3","8","谢冰冰","8","谢冰冰",0,0.17,2000
275,"GC0112","中海达","0","CGDD0325","01020100412","#4DFA-1227B-11=P","滤波器 封装：4DFA",26,"1",0.17,"",NULL,2000,52000,0,0,0,0,0,0,"2010-11-08",NULL,NULL,"201008","P10032915","GV0032","20","ACTIVE",NULL,"1","3","8","谢冰冰","8","谢冰冰",0,0.17,2000
276,"GC0112","中海达","0","CGDD0325","01020100413","#4DFA-1575B-12=P","滤波器 封装：4DFA",26,"1",0.17,"",NULL,2000,52000,0,0,0,0,0,0,"2010-11-08",NULL,NULL,"201008","P10032915","GV0032","20","ACTIVE",NULL,"1","3","8","谢冰冰","8","谢冰冰",0,0.17,2000
277,"GC0013","创力仕实业","0","1007088","FSMR-ELJFC4R7K-P","ELJFC4R7KF-G","2520 4.7UH +/-10%",0.28,"1",0.17,"",NULL,72000,20160,0,0,0,0,0,0,"2010-12-01",NULL,NULL,"201008","P10032933","GV0001","20","ACTIVE",NULL,"1","1","8","谢冰冰","5","周石富 ",0,0.17,72000
278,"GC0013","创力仕实业","0","1007088","FSMR-ELJFC4R7K-P","ELJFC4R7KF-G","2520 4.7UH +/-10%",0.28,"1",0.17,"",NULL,72000,20160,0,0,0,0,0,0,"2011-01-03",NULL,NULL,"201008","P10032933","GV0001","20","ACTIVE",NULL,"1","1","8","谢冰冰","5","周石富 ",0,0.17,72000
279,"GC0013","创力仕实业","0","1007088","FSMR-ELJFC4R7K-P","ELJFC4R7KF-G","2520 4.7UH +/-10%",0.28,"1",0.17,"",NULL,60000,16800,0,0,0,0,0,0,"2011-02-09",NULL,NULL,"201008","P10032933","GV0001","20","ACTIVE",NULL,"1","1","8","谢冰冰","5","周石富 ",0,0.17,60000
280,"GC0013","创力仕实业","0","1007088","FSMR-ELJFC4R7K-P","ELJFC4R7KF-G","2520 4.7UH +/-10%",0.28,"1",0.17,"",NULL,46000,12880,0,0,0,0,0,0,"2011-03-01",NULL,NULL,"201008","P10032933","GV0001","20","ACTIVE",NULL,"1","1","8","谢冰冰","5","周石富 ",0,0.17,46000
281,"GC0112","中海达","0","CGDD0330","011202030","GCRH3D14A-4R7NC","3D14A 4.7UH +/-25% 对角型脚位",1.13,"1",0.17,"",NULL,6000,6780,0,0,0,0,0,0,"2010-08-16",NULL,NULL,"201008","P20032781","GV0005","20","ACTIVE",NULL,"1","3","8","谢冰冰","8","谢冰冰",0,0.17,6000
282,"GC0115","科翔","0","100803002","ELJPA100KF","ELJPA100KF-G","3225 10UH +/-10% 低内阻",0.01932,"0",0,"",NULL,6000,115.92,0,0,0,0,0,0,"2010-09-25",NULL,NULL,"201008","","GV0001","20","ACTIVE",NULL,"1","1","8","谢冰冰","3","吴松",0,0,0
283,"GC0115","科翔","0","100806002","ELJPA100KF","ELJPA100KF-G","3225 10UH +/-10% 低内阻",0.01932,"0",0,"",NULL,24000,463.68,0,0,0,0,0,0,"2010-09-04",NULL,NULL,"201008","","GV0001","20","ACTIVE",NULL,"1","1","8","谢冰冰","3","吴松",0,0,0
284,"GC0016","飞歌汽车音响","0","FA-PO-A20100713007","DZ03V0017R0","GCD3225-220M-D","3225 22UH +/-20% 点胶 2K/盘 8MM编带",0.28,"1",0.17,"",NULL,16000,4480,0,0,0,0,0,0,"2010-10-15",NULL,NULL,"201008","","GV0004","20","ACTIVE",NULL,"1","1","8","谢冰冰","5","周石富 ",0,0.17,0
285,"GC0085","创达盛","0","GH20100126","ELJPA100KF","ELJPA100KF-G","3225 10UH +/-10% 低内阻",0.17,"0",0,"",NULL,50000,8500,0,0,0,0,0,0,"2010-08-09",NULL,NULL,"201008","","GV0001","20","ACTIVE",NULL,"1","1","8","谢冰冰","10","邱永池",0,0,0
286,"GC0014","罡扇广联","0","GH20100165","2520-10UH","ELJFA100JF-G","3225 10UH +/-5%",0.16,"0",0,"",NULL,60000,9600,0,0,0,0,0,0,"2010-08-10",NULL,NULL,"201008","","GV0001","20","ACTIVE",NULL,"1","1","8","谢冰冰","5","周石富 ",0,0,0
287,"GC0132","吕日土","0","GH20100172","ELJPA470KF","ELJPA470KF-G","3225 47UH +/-10%低内阻",0.18,"0",0,"可确定明细",NULL,10000,1800,0,0,0,0,0,0,"2010-08-09",NULL,NULL,"201008","","GV0001","20","ACTIVE",NULL,"1","2","8","谢冰冰","2","曾跃群",0,0,0
288,"GC0085","创达盛","0","GH20100186","ELJPA220KF","ELJPA220KF-G","3225 22UH +/-10%低内阻",0.17,"0",0,"",NULL,60000,10200,0,0,0,0,0,0,"2010-08-09",NULL,NULL,"201008","","GV0001","20","ACTIVE",NULL,"1","1","8","谢冰冰","10","邱永池",0,0,0
289,"GC0014","罡扇广联","0","GH20100217","3225-330UH","NLV32T-331K-PF","3225 330UH",0.16,"0",0,"",NULL,2000,320,0,0,0,0,0,0,"2010-08-10",NULL,NULL,"201008","","GV0019","20","ACTIVE",NULL,"1","1","8","谢冰冰","5","周石富 ",0,0,0
290,"GC0014","罡扇广联","0","GH20100248","2520 22UH","ELJFC220JF-G","2520 22UH +/-5%",0.16,"0",0,"",NULL,194000,31040,0,0,0,0,0,0,"2010-08-10",NULL,NULL,"201008","","GV0001","20","ACTIVE",NULL,"1","1","8","谢冰冰","5","周石富 ",0,0,0
291,"GC0014","罡扇广联","0","GH20100248","3*3-50K欧","EVM3ESX50B54","可调电阻 3*3 50K",0.26,"0",0,"",NULL,6000,1560,0,0,0,0,0,0,"2010-08-10",NULL,NULL,"201008","","GV0030","20","ACTIVE",NULL,"1","1","8","谢冰冰","5","周石富 ",0,0,0
292,"GC0046","高纳","0","GH201010176","SLF7032T-221M","GSLF7032T-221M","7032 220UH +/-20%",0.72,"0",0,"",NULL,15000,10800,0,0,0,0,0,0,"2010-08-09",NULL,NULL,"201008","","GV0004","20","ACTIVE",NULL,"1","1","8","谢冰冰","6","蒋忠旭",0,0,0
293,"GC0118","宏源达香港","0","HYD2010031101","ELJPA680KF","ELJPA680KF-G","3225 68UH +/-10%低内阻",0.0208,"0",0,"",NULL,22000,457.6,0,0,0,0,0,0,"2010-08-09",NULL,NULL,"201008","","GV0002","20","ACTIVE",NULL,"1","2","8","谢冰冰","4","曾湘杰",0,0,0
294,"GC0118","宏源达香港","0","HYD2010031101","ELJPA220KF","ELJPA220KF-G","3225 22UH +/-10%低内阻",0.0208,"0",0,"",NULL,50000,1040,0,0,0,0,0,0,"2010-08-09",NULL,NULL,"201008","","GV0002","20","ACTIVE",NULL,"1","2","8","谢冰冰","4","曾湘杰",0,0,0
295,"GC0118","宏源达香港","0","HYD2010031101","ELJPA100KF","ELJPA100KF-G","3225 10UH +/-10% 低内阻",0.0208,"0",0,"",NULL,220000,4576,0,0,0,0,0,0,"2010-08-09",NULL,NULL,"201008","","GV0002","20","ACTIVE",NULL,"1","2","8","谢冰冰","4","曾湘杰",0,0,0
296,"GC0118","宏源达香港","0","HYD2010031101","ELJPA101KF","ELJPA101KF-G","3225 100UH +/-10% 低内阻",0.0208,"0",0,"",NULL,200000,4160,0,0,0,0,0,0,"2010-08-09",NULL,NULL,"201008","","GV0002","20","ACTIVE",NULL,"1","2","8","谢冰冰","4","曾湘杰",0,0,0
297,"GC0118","宏源达香港","0","HYD2010031502","ELJPC220KF","ELJPC220KF-G","2520 22UH +/-10%低内阻",0.0208,"0",0,"",NULL,60000,1248,0,0,0,0,0,0,"2010-08-09",NULL,NULL,"201008","","GV0002","20","ACTIVE",NULL,"1","2","8","谢冰冰","4","曾湘杰",0,0,0
298,"GC0118","宏源达香港","0","HYD2010031502","ELJPA101KF","ELJPA101KF-G","3225 100UH +/-10% 低内阻",0.0208,"0",0,"",NULL,100000,2080,0,0,0,0,0,0,"2010-08-09",NULL,NULL,"201008","","GV0002","20","ACTIVE",NULL,"1","2","8","谢冰冰","4","曾湘杰",0,0,0
299,"GC0118","宏源达香港","0","HYD2010031502","ELJPC220KF","ELJPC220KF-G","2520 22UH +/-10%低内阻",0.0208,"0",0,"",NULL,250000,5200,0,0,0,0,0,0,"2010-08-09",NULL,NULL,"201008","","GV0002","20","ACTIVE",NULL,"1","2","8","谢冰冰","4","曾湘杰",0,0,0
300,"GC0118","宏源达香港","0","HYD2010031502","ELJPA470KF","ELJPA470KF-G","3225 47UH +/-10%低内阻",0.0208,"0",0,"",NULL,120000,2496,0,0,0,0,0,0,"2010-08-09",NULL,NULL,"201008","","GV0002","20","ACTIVE",NULL,"1","2","8","谢冰冰","4","曾湘杰",0,0,0
301,"GC0118","宏源达香港","0","HYD2010031502","ELJPB121KF","ELJPB121KF-G","4532 120UH +/-10%低内阻",0.0631,"0",0,"",NULL,100000,6310,0,0,0,0,0,0,"2010-08-09",NULL,NULL,"201008","","GV0002","20","ACTIVE",NULL,"1","2","8","谢冰冰","4","曾湘杰",0,0,0
302,"GC0118","宏源达香港","0","HYD2010031502","ELJPA100KF","ELJPA100KF-G","3225 10UH +/-10% 低内阻",0.0208,"0",0,"",NULL,1200000,24960,0,0,0,0,0,0,"2010-08-09",NULL,NULL,"201008","","GV0002","20","ACTIVE",NULL,"1","2","8","谢冰冰","4","曾湘杰",0,0,0
303,"GC0118","宏源达香港","0","HYD2010031502","ELJPA101KF","ELJPA101KF-G","3225 100UH +/-10% 低内阻",0.0208,"0",0,"",NULL,100000,2080,0,0,0,0,0,0,"2010-08-09",NULL,NULL,"201008","","GV0002","20","ACTIVE",NULL,"1","2","8","谢冰冰","4","曾湘杰",0,0,0
304,"GC0118","宏源达香港","0","HYD2010040702","ELJPC100KF","ELJPC100KF-G","2520 10UH +/-10%低内阻",0.0208,"0",0,"",NULL,200000,4160,0,0,0,0,0,0,"2010-08-09",NULL,NULL,"201008","","GV0002","20","ACTIVE",NULL,"1","2","8","谢冰冰","4","曾湘杰",0,0,0
305,"GC0118","宏源达香港","0","HYD2010040702","ELJPC100KF","ELJPC100KF-G","2520 10UH +/-10%低内阻",0.0208,"0",0,"",NULL,200000,4160,0,0,0,0,0,0,"2010-08-09",NULL,NULL,"201008","","GV0002","20","ACTIVE",NULL,"1","2","8","谢冰冰","4","曾湘杰",0,0,0
306,"GC0118","宏源达香港","0","HYD2010040702","ELJPC100KF","ELJPC100KF-G","2520 10UH +/-10%低内阻",0.0208,"0",0,"",NULL,200000,4160,0,0,0,0,0,0,"2010-08-09",NULL,NULL,"201008","","GV0002","20","ACTIVE",NULL,"1","2","8","谢冰冰","4","曾湘杰",0,0,0
307,"GC0118","宏源达香港","0","HYD2010040702","ELJPA470KF","ELJPA470KF-G","3225 47UH +/-10%低内阻",0.0208,"0",0,"",NULL,1200000,24960,0,0,0,0,0,0,"2010-08-09",NULL,NULL,"201008","","GV0002","20","ACTIVE",NULL,"1","2","8","谢冰冰","4","曾湘杰",0,0,0
308,"GC0118","宏源达香港","0","HYD2010042201","ELJPC100KF","ELJPC100KF-G","2520 10UH +/-10%低内阻",0.0208,"0",0,"",NULL,30000,624,0,0,0,0,0,0,"2010-08-09",NULL,NULL,"201008","","GV0002","20","ACTIVE",NULL,"1","2","8","谢冰冰","4","曾湘杰",0,0,0
309,"GC0118","宏源达香港","0","HYD2010042201","ELJPA220KF","ELJPA220KF-G","3225 22UH +/-10%低内阻",0.0208,"0",0,"",NULL,300000,6240,0,0,0,0,0,0,"2010-08-09",NULL,NULL,"201008","","GV0002","20","ACTIVE",NULL,"1","2","8","谢冰冰","4","曾湘杰",0,0,0
310,"GC0088","英蓓特","0","MD-TC-628-10-7-26","GCRH104R-101NC","GCRH104R-101NC","104R 100UH +/-25%\r\n",1.05,"0",0,"",NULL,510,535.5,0,0,0,0,0,0,"2010-08-06",NULL,NULL,"201008","","GV0005","20","ACTIVE",NULL,"1","3","8","谢冰冰","10","邱永池",0,0,0
311,"GC0006","喜恩碧","0","PO1004-144","LC00022CK1","ELJFC220KF-G","2520 22UH +/-10%",0.21067371,"1",0.17,"",NULL,10000,2106.7371,0,0,0,0,0,0,"2010-06-07",NULL,NULL,"201008","","GV0001","20","ACTIVE",NULL,"1","1","8","谢冰冰","3","吴松",0,0.17,0
312,"GC0006","喜恩碧","0","PO1004-144","LC00047DK1","ELJPA470KF-G","3225 47UH +/-10%低内阻",0.21067371,"1",0.17,"",NULL,10000,2106.7371,0,0,0,0,0,0,"2010-06-07",NULL,NULL,"201008","","GV0001","20","ACTIVE",NULL,"1","1","8","谢冰冰","3","吴松",0,0.17,0
313,"GC0006","喜恩碧","0","PO1005-055","LC00022CK1","ELJFC220KF-G","2520 22UH +/-10%",0.21067371,"1",0.17,"",NULL,20000,4213.4742,0,0,0,0,0,0,"2010-06-15",NULL,NULL,"201008","","GV0001","20","ACTIVE",NULL,"1","1","8","谢冰冰","3","吴松",0,0.17,0
314,"GC0006","喜恩碧","0","PO1005-055","LC00047DK1","ELJPA470KF-G","3225 47UH +/-10%低内阻",0.21067371,"1",0.17,"",NULL,20000,4213.4742,0,0,0,0,0,0,"2010-06-30",NULL,NULL,"201008","","GV0001","20","ACTIVE",NULL,"1","1","8","谢冰冰","3","吴松",0,0.17,0
315,"GC0070","富视安","0","PO10071704","09-52-R21017","ELJPB101KF-G","4532 100UH +/-10%低内阻",0.524,"1",0.17,"",NULL,13500,7074,0,0,0,0,0,0,"2010-07-31",NULL,NULL,"201008","","GV0001","20","ACTIVE",NULL,"1","1","8","谢冰冰","4","曾湘杰",0,0.17,0
316,"GC0070","富视安","0","PO10071704","09-52-R24706","ELJPA470KF-G","3225 47UH +/-10%低内阻",0.19,"1",0.17,"",NULL,24000,4560,0,0,0,0,0,0,"2010-07-31",NULL,NULL,"201008","","GV0001","20","ACTIVE",NULL,"1","1","8","谢冰冰","4","曾湘杰",0,0.17,0
317,"GC0070","富视安","0","PO10080216","09-52-R24707","ELJFC470JF-G","2520 47UH +/-5%",0.19,"1",0.17,"",NULL,4000,760,0,0,0,0,0,0,"2010-08-12",NULL,NULL,"201008","","GV0001","20","ACTIVE",NULL,"1","1","8","谢冰冰","4","曾湘杰",0,0.17,0
318,"GC0070","富视安","0","PO10080216","09-52-R21017","ELJPB101KF-G","4532 100UH +/-10%低内阻",0.524,"1",0.17,"",NULL,30000,15720,0,0,0,0,0,0,"2010-08-12",NULL,NULL,"201008","","GV0001","20","ACTIVE",NULL,"1","1","8","谢冰冰","4","曾湘杰",0,0.17,0
319,"GC0070","富视安","0","PO10080216","09-52-R24706","ELJPA470KF-G","3225 47UH +/-10%低内阻",0.19,"1",0.17,"",NULL,48000,9120,0,0,0,0,0,0,"2010-08-12",NULL,NULL,"201008","","GV0001","20","ACTIVE",NULL,"1","1","8","谢冰冰","4","曾湘杰",0,0.17,0
320,"GC0031","利明实业","0","PO10080314","EMB0805060R1","GCZ2012D601TF","600 +/-25% 100MHz\r\n",0.019,"1",0.17,"",NULL,32000,608,0,0,0,0,0,0,"2010-08-09",NULL,NULL,"201008","","GV0009","20","ACTIVE",NULL,"1","1","8","谢冰冰","8","谢冰冰",0,0.17,0
321,"GC0031","利明实业","0","PO10080314","EMB0805060R1","GCZ2012D601TF","600 +/-25% 100MHz\r\n",0.019,"1",0.17,"",NULL,52000,988,0,0,0,0,0,0,"2010-08-09",NULL,NULL,"201008","","GV0009","20","ACTIVE",NULL,"1","1","8","谢冰冰","8","谢冰冰",0,0.17,0
322,"GC0031","利明实业","0","PO10080614","EMB0805060R1","GCZ2012D601TF","600 +/-25% 100MHz\r\n",0.019,"1",0.17,"",NULL,16000,304,0,0,0,0,0,0,"2010-08-10",NULL,NULL,"201008","","GV0009","20","ACTIVE",NULL,"1","1","8","谢冰冰","8","谢冰冰",0,0.17,0
323,"GC0022","艾威视数码","0","SM201041202","ELJPB101KF","ELJPB101KF-G","4532 100UH +/-10%低内阻",0.76,"0",0,"",NULL,500,380,0,0,0,0,0,0,"2010-08-09",NULL,NULL,"201008","","GV0001","20","ACTIVE",NULL,"1","1","8","谢冰冰","10","邱永池",0,0,0
324,"GC0044","新纬图","0","XWTPO10061101","4D28-330UH","GCRH4D28-331K","4D28 330UH +/-10%",0.54,"0",0,"",NULL,10000,5400,0,0,0,0,0,0,"2010-08-09",NULL,NULL,"201008","","GV0005","20","ACTIVE",NULL,"1","1","8","谢冰冰","6","蒋忠旭",0,0,0
325,"GC0050","鸿莱克斯","0","补退货0001527","15010002","GCD43-471M","43 470UH +/-20%",0.25,"0",0,"",NULL,20000,5000,0,0,0,0,0,0,"2010-08-09",NULL,NULL,"201008","","GV0005","20","ACTIVE",NULL,"1","1","8","谢冰冰","6","蒋忠旭",0,0,0
