"ORDER_SEQID","C_CODE","SHORT_NAME","PO_NO_TYPE","PO_NO","C_PART_NO","PART_NO","PN_DESC","C_PRICE","IS_TAX","TAX_RATE","SPEC_DESC","COMM_DESC","AMOUNT","MONEY","DELIVERY_AMOUNT","PERIOD","ORG_DELIVERY_DATE","VER_DELIVERY_DATE","RLT_ORDER_PO_NO","STATE","ACTIVE_STATE","RLT_REC_PO_NO","STAFF_ID","STAFF_NAME","SETTLEMENT_TYPE","CUST_C_CODE","C_PRICE_TAX","HASTEN_REMINDER"
1,"GV0005","今凯","0","CKCK","CKRH4D28-220NC","GCRH4D28-220NC","4D28 22UH 500MA +/-25%",0.45,"1",0.17,"送货单请注明安防用",NULL,44000,19800,0,"201008","2010-08-10",NULL,"CG-10-04-13-039","04","ACTIVE",NULL,"8","谢冰冰","1","GC0049",0.17,NULL
2,"GV0005","今凯","0","CKCK","CKRH5D18-100NC","GCRH5D18-100NC","5D18 10UH +/-25%",0.45,"1",0.17,"",NULL,8000,3600,0,"201008","2010-08-10",NULL,"CG-10-04-13-039","04","ACTIVE",NULL,"8","谢冰冰","1","GC0049",0.17,NULL
3,"GV0004","成启","0","CKCQ","SLF7032T-471M","GSLF7032T-471M","7032 470UH +/-20%",0,"0",0,"",NULL,1000,0,0,"201008","2010-08-10",NULL,"GH20100245","04","ACTIVE",NULL,"8","谢冰冰","1","GC0130",0,NULL
4,"GV0005","今凯","0","CKKC","CKRH5D28-4R7NC","GCRH5D28-4R7NC","5D28 4.7UH +/-25%",0.45,"1",0.17,"",NULL,1000,450,0,"201008","2010-08-10",NULL,"W201005065","04","ACTIVE",NULL,"8","谢冰冰","1","GC0065",0.17,NULL
5,"GV0005","今凯","0","KCCK","CKRH8D28-100M","GCRH8D28-100M","8D28 10UH +/-20%",0.68,"1",0.17,"",NULL,12000,8160,0,"201008","2010-08-10",NULL,"CG-10-04-13-039","04","ACTIVE",NULL,"8","谢冰冰","1","GC0049",0.17,NULL
6,"GV0005","今凯","0","KCCK","CKRH104R-331NC","GCRH104R-331NC","104R 330UH +/-25%",0.68,"1",0.17,"",NULL,12000,8160,0,"201008","2010-08-10",NULL,"CG-10-04-13-039","04","ACTIVE",NULL,"8","谢冰冰","1","GC0049",0.17,NULL
7,"GV0005","今凯","0","KCCK","CKRH8D28-100M","GCRH8D28-100M","8D28 10UH +/-20%",0.605,"1",0.17,"",NULL,1000,605,0,"201008","2010-11-08",NULL,"CGDD0330","04","ACTIVE",NULL,"8","谢冰冰","1","GC0112",0.17,NULL
8,"GV0005","今凯","0","KCCK","CKRH127-330NC","GCRH127-330NC","127 33UH +/-25%",0.66,"1",0.17,"",NULL,1000,660,0,"201008","2010-08-10",NULL,"CZ20100715001","04","ACTIVE",NULL,"8","谢冰冰","1","GC0107",0.17,NULL
9,"GV0005","今凯","0","KCCK","CKRH5D28-100M","GCRH5D28-100M","5D28 10UH +/-20%",0.45,"1",0.17,"",NULL,34000,15300,0,"201008","2010-08-10",NULL,"FA-PO-20100521051","04","ACTIVE",NULL,"8","谢冰冰","1","GC0016",0.17,NULL
10,"GV0005","今凯","0","KCCK","CKRH2D18A/HP-2R2NC","GCRH2D18A/HP-2R2NC","2D18A/HP 2.2UH +/-25% 高度2MM DCR小于125M欧 可耐电流0.63A",0.473,"1",0.17,"",NULL,30000,14190,0,"201008","2010-08-10",NULL,"FA-PO-20100521051","04","ACTIVE",NULL,"8","谢冰冰","1","GC0016",0.17,NULL
11,"GV0005","今凯","0","KCCK","CKRH74-102M","GCRH74-102M","74 1000UH +/-20%",0.6,"1",0.17,"",NULL,14000,8400,0,"201008","2010-08-10",NULL,"FA-PO-20100709003","04","ACTIVE",NULL,"8","谢冰冰","1","GC0016",0.17,NULL
12,"GV0005","今凯","0","KCCK","CKRH5D28-101NC","GCRH5D28-101NC","5D28 100UH +/-25%",0.45,"1",0.17,"",NULL,6000,2700,0,"201008","2010-08-10",NULL,"FA-PO-20100709003","04","ACTIVE",NULL,"8","谢冰冰","1","GC0016",0.17,NULL
13,"GV0005","今凯","0","KCCK","CKRH5D28-470NC","GCRH5D28-470NC","5D28 47UH +/-25%",0.45,"1",0.17,"",NULL,6000,2700,0,"201008","2010-09-01",NULL,"FA-PO-20100709003","04","ACTIVE",NULL,"8","谢冰冰","1","GC0016",0.17,NULL
14,"GV0005","今凯","0","KCCK","CKRH125-470M","GCRH125-470M","125 47UH +/-20%",0.66,"1",0.17,"",NULL,12000,7920,0,"201008","2010-08-10",NULL,"FA-PO-A2010063002","04","ACTIVE",NULL,"8","谢冰冰","1","GC0016",0.17,NULL
15,"GV0005","今凯","0","KCCK","CKRH4D28-331M","GCRH4D28-331M","4D28 330UH +/-20%",0.45,"1",0.17,"",NULL,2000,900,0,"201008","2010-08-15",NULL,"GH20100160","04","ACTIVE",NULL,"8","谢冰冰","1","GC0063",0.17,NULL
16,"GV0005","今凯","0","KCCK","CKRH4D28-151M","GCRH4D28-151M-D","4D28 150UH +/-20% 点胶",0.46,"1",0.17,"",NULL,4000,1840,0,"201008","2010-08-05",NULL,"GH20100247","04","ACTIVE",NULL,"8","谢冰冰","1","GC0026",0.17,NULL
17,"GV0005","今凯","0","KCCK","CKRH2D18A/HP-4R7NC","GCRH2D18A/HP-4R7NC","2D18A/HP 4.7UH 高度2MM DCR小于78M欧 可耐电流0.63A +/-25% 对角型脚位",0.473,"1",0.17,"",NULL,2000,946,0,"201008","2010-08-15",NULL,"PO2010060257","04","ACTIVE",NULL,"8","谢冰冰","1","GC0048",0.17,NULL
18,"GV0005","今凯","0","KCCK","CKRH4D28-6R8NC","GCRH4D28-6R8NC","4D28 6.8UH +/-25%",0.45,"1",0.17,"",NULL,2000,900,0,"201008","2010-08-10",NULL,"POORD004637","04","ACTIVE",NULL,"8","谢冰冰","1","GC0028",0.17,NULL
19,"GV0005","今凯","0","KCCK","CKRH4D28-151NC","GCRH4D28-151NC-D","4D28 150UH +/-25% 点胶",0,"1",0.17,"可确定明细",NULL,14000,0,0,"201008","2010-08-10",NULL,"YX10071509","04","ACTIVE",NULL,"8","谢冰冰","1","GC0083",0.17,NULL
20,"GV0005","今凯","0","KCCK","CKRH4D18-101NC","GCRH4D18-101NC","4D18 100UH +/-25%",0.45,"1",0.17,"可确定明细",NULL,4000,1800,0,"201008","2010-08-15",NULL,"YX10072608","04","ACTIVE",NULL,"8","谢冰冰","1","GC0083",0.17,NULL
21,"GV0004","成启","0","KCCQ","SQ2520-220M","GCD3225-220M-D","3225 22UH +/-20% 点胶 2K/盘 8MM编带",0.162,"0",0,"",NULL,16000,2592,0,"201008","2010-08-05",NULL,"FA-PO-A20100713007","04","ACTIVE",NULL,"8","谢冰冰","1","GC0016",0,NULL
22,"GV0006","海瑞达","0","KCHSM","HSMRH104R-100M","GCRH104R-100M","104R 10UH 2A +/-20%",0.5,"1",0.17,"",NULL,200,100,0,"201008","2010-08-15",NULL,"B1007048","04","ACTIVE",NULL,"8","谢冰冰","1","GC0019",0.17,NULL
23,"GV0006","海瑞达","0","KCHSM","HSMRH104R-100M","GCRH104R-100M","104R 10UH 2A +/-20%",0.5,"1",0.17,"",NULL,800,400,0,"201008","2010-08-15",NULL,"B1007049","04","ACTIVE",NULL,"8","谢冰冰","1","GC0019",0.17,NULL
24,"GV0006","海瑞达","0","KCHSM","HSMSLF0732-471M","GCRH7032-471M","7032 470UH +/-20%",0.5,"1",0.17,"",NULL,5000,2500,0,"201008","2010-08-15",NULL,"GH20100072","04","ACTIVE",NULL,"8","谢冰冰","1","GC0030",0.17,NULL
25,"GV0006","海瑞达","0","KCHSM","HSMSLF0732-471M","GCRH7032-471M","7032 470UH +/-20%",0.5,"1",0.17,"",NULL,15000,7500,0,"201008","2010-08-15",NULL,"GH20100214","04","ACTIVE",NULL,"8","谢冰冰","1","GC0030",0.17,NULL
26,"GV0006","海瑞达","0","KCHSM","HSMSLF0732-471M","GCRH7032-471M","7032 470UH +/-20%",0.5,"1",0.17,"",NULL,20000,10000,0,"201008","2010-08-15",NULL,"GH20100216","04","ACTIVE",NULL,"8","谢冰冰","1","GC0030",0.17,NULL
27,"GV0006","海瑞达","0","KCHSM","HSMRH63B-561M","GCRH63B-561M-D","63B 560UH +/-20% 封胶",0.5,"1",0.17,"",NULL,4000,2000,0,"201008","2010-08-15",NULL,"GH20100218","04","ACTIVE",NULL,"8","谢冰冰","1","GC0084",0.17,NULL
28,"GV0006","海瑞达","0","KCHSM","HSMRH124-470M","GCRH124-470M","47UH",0.6,"1",0.17,"",NULL,1000,600,0,"201008","2010-08-08",NULL,"GH20100248-1","04","ACTIVE",NULL,"8","谢冰冰","1","GC0098",0.17,NULL
29,"GV0001","科翔兴","0","KCKX","ELJFB221KF","ELJFB221KF-G","4532 220UH +/-10%",0.049,"0",0,"",NULL,4000,196,0,"201008","2010-08-10",NULL,"20100802","04","ACTIVE",NULL,"8","谢冰冰","1","GC0106",0,NULL
30,"GV0001","科翔兴","0","KCKX","ELJPA220KF","ELJPA220KF-G","3225 22UH +/-10%低内阻",0.0192,"0",0,"",NULL,4000,76.8,0,"201008","2010-08-10",NULL,"D1008013","04","ACTIVE",NULL,"8","谢冰冰","1","GC0011",0,NULL
31,"GV0001","科翔兴","0","KCKX","ELJPA220KF","ELJPA220KF-G","3225 22UH +/-10%低内阻",0,"0",0,"",NULL,2000,0,0,"201008","2010-08-10",NULL,"DJ0719GLE","04","ACTIVE",NULL,"8","谢冰冰","1","GC0105",0,NULL
32,"GV0001","科翔兴","0","KCKX","ELJPA101KF","ELJPA101KF-G","3225 100UH +/-10% 低内阻",0.0192,"0",0,"",NULL,44000,844.8,0,"201008","2010-08-10",NULL,"GH20100126","04","ACTIVE",NULL,"8","谢冰冰","1","GC0085",0,NULL
33,"GV0001","科翔兴","0","KCKX","ELJFC680JF","ELJFC680JF-G","2520 68UH +/-5%",0.0192,"0",0,"",NULL,2000,38.4,0,"201008","2010-08-10",NULL,"GH20100248","04","ACTIVE",NULL,"8","谢冰冰","1","GC0014",0,NULL
34,"GV0001","科翔兴","0","KCKX","ELJFA220JF","ELJFA220JF-G","3225 22UH +/-5%",0.0192,"0",0,"",NULL,4000,76.8,0,"201008","2010-08-15",NULL,"GH20100248","04","ACTIVE",NULL,"8","谢冰冰","1","GC0014",0,NULL
35,"GV0001","科翔兴","0","KCKX","ELJFA680JF","ELJFA680JF-G","3225 68UH +/-5%",0.0192,"0",0,"",NULL,2000,38.4,0,"201008","2010-08-10",NULL,"GH20100248","04","ACTIVE",NULL,"8","谢冰冰","1","GC0014",0,NULL
36,"GV0001","科翔兴","0","KCKX","ELJFC470KF","ELJFC470KF-G","松下 47UH 2520",0.0192,"0",0,"",NULL,16000,307.2,0,"201008","2010-08-10",NULL,"PO1005-055","04","ACTIVE",NULL,"8","谢冰冰","1","GC0006",0,NULL
37,"GV0001","科翔兴","0","KCKX","ELJFC4R7JF","ELJFC4R7JF-G","2520 4.7UH +/-5%",0.0192,"0",0,"",NULL,4000,76.8,0,"201008","2010-08-10",NULL,"PO1006-201","04","ACTIVE",NULL,"8","谢冰冰","1","GC0006",0,NULL
38,"GV0001","科翔兴","0","KCKX","ELJFC470JF","ELJFC470JF-G","2520 47UH +/-5%",0.0192,"0",0,"",NULL,2000,38.4,0,"201008","2010-08-10",NULL,"PO10062808","04","ACTIVE",NULL,"8","谢冰冰","1","GC0070",0,NULL
39,"GV0001","科翔兴","0","KCKX","ELJFC101KF","ELJFC101KF-G","2520 100UH +/-10%",0.0192,"0",0,"",NULL,10000,192,0,"201008","2010-08-08",NULL,"PO1007-044","04","ACTIVE",NULL,"8","谢冰冰","1","GC0006",0,NULL
40,"GV0001","科翔兴","0","KCKX","ELJPA220KF","ELJPA220KF-G","3225 22UH +/-10%低内阻",0.0192,"0",0,"",NULL,2000,38.4,0,"201008","2010-08-10",NULL,"PO10072208","04","ACTIVE",NULL,"8","谢冰冰","1","GC0070",0,NULL
41,"GV0001","科翔兴","0","KCKX","ELJPA220KF","ELJPA220KF-G","3225 22UH +/-10%低内阻",0.0192,"0",0,"",NULL,50000,960,0,"201008","2010-08-15",NULL,"YX10063003","04","ACTIVE",NULL,"8","谢冰冰","1","GC0083",0,NULL
42,"GV0018","天河","0","KCTH","FCR 6.0M5","FCR 6.0M5","TDK 陶瓷振荡器 RESONATOR 6.000MHz FCR 6.0M5",0.256,"0",0,"",NULL,3000,768,0,"201008","2010-08-19",NULL,"4502969656","04","ACTIVE",NULL,"8","谢冰冰","2","GC0103",0,NULL
43,"GV0018","天河","0","KCTH","NLCV32T-100K-PF","NLCV32T-100K-PF","3225 10UH +/-10%",0.171,"0",0,"旧型号：6979-1006",NULL,2000,342,0,"201008","2010-08-02",NULL,"4503003914","04","ACTIVE",NULL,"8","谢冰冰","2","GC0103",0,NULL
44,"GV0028","华龙东光RMB","0","KCTOKORMB","#A997AS-4R7M","#A997AS-4R7M","4.7UH TOKO",0.76,"1",0.17,"",NULL,2000,1520,0,"201008","2010-08-08",NULL,"PG4907","04","ACTIVE",NULL,"8","谢冰冰","1","GC0069",0.17,NULL
45,"GV0001","科翔兴","0","O10031938RVE.01","ELJFC100KF","ELJFC100KF-G","2520 10UH +/-10%",0.0192,"0",0,"",NULL,88000,1689.6,0,"201008","2010-08-10",NULL,"100707002","04","ACTIVE",NULL,"8","谢冰冰","1","GC0115",0,NULL
46,"GV0001","科翔兴","0","P09021122","ELJFC4R7KF","ELJFC4R7KF-G","2520 4.7UH +/-10%",0.0192,"0",0,"",NULL,124000,2380.8,0,"201008","2010-08-15",NULL,"1003225","04","ACTIVE",NULL,"8","谢冰冰","1","GC0013",0,NULL
47,"GV0001","科翔兴","0","P09021122","ELJFC4R7KF","ELJFC4R7KF-G","2520 4.7UH +/-10%",0.0192,"0",0,"",NULL,144000,2764.8,0,"201008","2010-08-15",NULL,"1003225","04","ACTIVE",NULL,"8","谢冰冰","1","GC0013",0,NULL
48,"GV0012","威雅利","0","P09021173","DLW21SN181SQ2L","DLW21SN181SQ2L","0805 180 OHM",0.07,"0",0,"旧型号：6978-5915",NULL,126000,8820,0,"201008","2010-06-01",NULL,"1003225","04","ACTIVE",NULL,"8","谢冰冰","3","GC0013",0,NULL
49,"GV0006","海瑞达","0","P10030471","HSM322520-470M","GCD3225-470M-D","3225 47UH +/-20% 点胶",0.19,"1",0.17,"",NULL,200000,38000,0,"201008","2010-08-10",NULL,"11003311804","04","ACTIVE",NULL,"8","谢冰冰","1","GC0012",0.17,NULL
50,"GV0006","海瑞达","0","P10030471","HSM322520-220M","GCD3225-220M-D","3225 22UH +/-20% 点胶",0.19,"1",0.17,"",NULL,198000,37620,0,"201008","2010-08-15",NULL,"11003311804","04","ACTIVE",NULL,"8","谢冰冰","1","GC0012",0.17,NULL
51,"GV0003","华龙东光","0","P10030497","#FSLM2520-1R0J=P2","#FSLM2520-1R0J=P2","TOKO",0.028,"0",0,"",NULL,120000,3360,0,"201008","2010-08-02",NULL,"1003225","04","ACTIVE",NULL,"8","谢冰冰","1","GC0013",0,NULL
52,"GV0003","华龙东光","0","P10030497","#FSLM2520-1R0J=P2","#FSLM2520-1R0J=P2","TOKO",0.028,"0",0,"",NULL,146000,4088,0,"201008","2010-09-01",NULL,"1003225","04","ACTIVE",NULL,"8","谢冰冰","1","GC0013",0,NULL
53,"GV0003","华龙东光","0","P10030497","#FSLM2520-1R0J=P2","#FSLM2520-1R0J=P2","TOKO",0.028,"0",0,"",NULL,154000,4312,0,"201008","2010-10-04",NULL,"1003225","04","ACTIVE",NULL,"8","谢冰冰","1","GC0013",0,NULL
54,"GV0003","华龙东光","0","P10030497","#FSLM2520-1R0J=P2","#FSLM2520-1R0J=P2","TOKO",0.028,"0",0,"",NULL,76000,2128,0,"201008","2010-11-01",NULL,"1003225","04","ACTIVE",NULL,"8","谢冰冰","1","GC0013",0,NULL
55,"GV0003","华龙东光","0","P10030497","#FSLM2520-2R7J=P2","#FSLM2520-2R7J=P2","TOKO",0.028,"0",0,"",NULL,120000,3360,0,"201008","2010-08-02",NULL,"1003225","04","ACTIVE",NULL,"8","谢冰冰","1","GC0013",0,NULL
56,"GV0003","华龙东光","0","P10030497","#FSLM2520-2R7J=P2","#FSLM2520-2R7J=P2","TOKO",0.028,"0",0,"",NULL,146000,4088,0,"201008","2010-09-01",NULL,"1003225","04","ACTIVE",NULL,"8","谢冰冰","1","GC0013",0,NULL
57,"GV0003","华龙东光","0","P10030497","#FSLM2520-2R7J=P2","#FSLM2520-2R7J=P2","TOKO",0.028,"0",0,"",NULL,152000,4256,0,"201008","2010-10-04",NULL,"1003225","04","ACTIVE",NULL,"8","谢冰冰","1","GC0013",0,NULL
58,"GV0003","华龙东光","0","P10030497","#FSLM2520-2R7J=P2","#FSLM2520-2R7J=P2","TOKO",0.028,"0",0,"",NULL,78000,2184,0,"201008","2010-11-01",NULL,"1003225","04","ACTIVE",NULL,"8","谢冰冰","1","GC0013",0,NULL
59,"GV0011","高雅","0","P10030502","CCFH0603CR33J","LLQ1608-FR33J","0603绕线电感 330NH 5% 电气性能、包装及编带和TOKO P/N:LLQ1608-FR33J一致",0.025,"0",0,"",NULL,249000,6225,0,"201008","2010-08-02",NULL,"1003225","04","ACTIVE",NULL,"8","谢冰冰","3","GC0013",0,NULL
60,"GV0011","高雅","0","P10030502","CCFH0603CR33J","LLQ1608-FR33J","0603绕线电感 330NH 5% 电气性能、包装及编带和TOKO P/N:LLQ1608-FR33J一致",0.025,"0",0,"",NULL,291000,7275,0,"201008","2010-09-01",NULL,"1003225","04","ACTIVE",NULL,"8","谢冰冰","3","GC0013",0,NULL
61,"GV0011","高雅","0","P10030502","CCFH0603CR33J","LLQ1608-FR33J","0603绕线电感 330NH 5% 电气性能、包装及编带和TOKO P/N:LLQ1608-FR33J一致",0.025,"0",0,"",NULL,306000,7650,0,"201008","2010-10-04",NULL,"1003225","04","ACTIVE",NULL,"8","谢冰冰","3","GC0013",0,NULL
62,"GV0011","高雅","0","P10030502","CCFH0603CR33J","LLQ1608-FR33J","0603绕线电感 330NH 5% 电气性能、包装及编带和TOKO P/N:LLQ1608-FR33J一致",0.025,"0",0,"",NULL,153000,3825,0,"201008","2010-11-01",NULL,"1003225","04","ACTIVE",NULL,"8","谢冰冰","3","GC0013",0,NULL
63,"GV0001","科翔兴","0","P10030561","ELJFC4R7KF","ELJFC4R7KF-G","2520 4.7UH +/-10%",0.0192,"0",0,"",NULL,152000,2918.4,0,"201008","2010-08-15",NULL,"1003225","04","ACTIVE",NULL,"8","谢冰冰","1","GC0013",0,NULL
64,"GV0001","科翔兴","0","P10030561","ELJFC4R7KF","ELJFC4R7KF-G","2520 4.7UH +/-10%",0.0192,"0",0,"",NULL,80000,1536,0,"201008","2010-08-15",NULL,"1003225","04","ACTIVE",NULL,"8","谢冰冰","1","GC0013",0,NULL
65,"GV0001","科翔兴","0","P10030561","ELJFC220JF","ELJFC220JF-G","2520 22UH +/-5%",0.0192,"0",0,"",NULL,70000,1344,0,"201008","2010-08-15",NULL,"GH20100165","04","ACTIVE",NULL,"8","谢冰冰","1","GC0014",0,NULL
66,"GV0001","科翔兴","0","P10030561","ELJFC220JF","ELJFC220JF-G","2520 22UH +/-5%",0.0192,"0",0,"",NULL,6000,115.2,0,"201008","2010-08-15",NULL,"GH20100248","04","ACTIVE",NULL,"8","谢冰冰","1","GC0014",0,NULL
67,"GV0001","科翔兴","0","P10030712","ELJPA100KF","ELJPA100KF-G","3225 10UH +/-10% 低内阻",0.0192,"0",0,"",NULL,100000,1920,0,"201008","2010-08-20",NULL,"GH20100126","04","ACTIVE",NULL,"8","谢冰冰","1","GC0085",0,NULL
68,"GV0001","科翔兴","0","P10030712","ELJPA100KF","ELJPA100KF-G","3225 10UH +/-10% 低内阻",0.0192,"0",0,"",NULL,4000,76.8,0,"201008","2010-08-15",NULL,"GH201010174","04","ACTIVE",NULL,"8","谢冰冰","1","GC0062",0,NULL
69,"GV0001","科翔兴","0","P10030712","ELJPA100KF","ELJPA100KF-G","3225 10UH +/-10% 低内阻",0.0192,"0",0,"",NULL,23000,441.6,0,"201008","2010-08-15",NULL,"PO10080216","04","ACTIVE",NULL,"8","谢冰冰","1","GC0070",0,NULL
70,"GV0003","华龙东光","0","P10030752","LL1608-FSL10NJ","LL1608-FSL10NJ","TOKO",0.0084,"0",0,"",NULL,252000,2116.8,0,"201008","2010-08-02",NULL,"1003225","04","ACTIVE",NULL,"8","谢冰冰","1","GC0013",0,NULL
71,"GV0003","华龙东光","0","P10030752","LL1608-FSL10NJ","LL1608-FSL10NJ","TOKO",0.0084,"0",0,"",NULL,292000,2452.8,0,"201008","2010-09-01",NULL,"1003225","04","ACTIVE",NULL,"8","谢冰冰","1","GC0013",0,NULL
72,"GV0003","华龙东光","0","P10030752","LL1608-FSL10NJ","LL1608-FSL10NJ","TOKO",0.0084,"0",0,"",NULL,304000,2553.6,0,"201008","2010-10-04",NULL,"1003225","04","ACTIVE",NULL,"8","谢冰冰","1","GC0013",0,NULL
73,"GV0003","华龙东光","0","P10030752","LL1608-FSL10NJ","LL1608-FSL10NJ","TOKO",0.0084,"0",0,"",NULL,156000,1310.4,0,"201008","2010-11-01",NULL,"1003225","04","ACTIVE",NULL,"8","谢冰冰","1","GC0013",0,NULL
74,"GV0028","华龙东光RMB","0","P10030760","A7503CY-330M","A7503CY-330M","TOKO",0.65,"1",0.17,"",NULL,125000,81250,0,"201008","2010-08-05",NULL,"1003225","04","ACTIVE",NULL,"8","谢冰冰","1","GC0013",0.17,NULL
75,"GV0028","华龙东光RMB","0","P10030760","A7503CY-330M","A7503CY-330M","TOKO",0.65,"1",0.17,"",NULL,145000,94250,0,"201008","2010-09-01",NULL,"1003225","04","ACTIVE",NULL,"8","谢冰冰","1","GC0013",0.17,NULL
76,"GV0028","华龙东光RMB","0","P10030760","A7503CY-330M","A7503CY-330M","TOKO",0.65,"1",0.17,"",NULL,153000,99450,0,"201008","2010-10-04",NULL,"1003225","04","ACTIVE",NULL,"8","谢冰冰","1","GC0013",0.17,NULL
77,"GV0028","华龙东光RMB","0","P10030760","A7503CY-330M","A7503CY-330M","TOKO",0.65,"1",0.17,"",NULL,77000,50050,0,"201008","2010-11-01",NULL,"1003225","04","ACTIVE",NULL,"8","谢冰冰","1","GC0013",0.17,NULL
78,"GV0005","今凯","0","P10030775","CKRH4D28-220NC","GCRH4D28-220NC","4D28 22UH 500MA +/-25%",0.45,"1",0.17,"送货单请注明安防用",NULL,2000,900,0,"201008","2010-08-10",NULL,"CG-10-04-13-039","04","ACTIVE",NULL,"8","谢冰冰","1","GC0049",0.17,NULL
79,"GV0005","今凯","0","P10030775","CKRH4D28-6R8NC","GCRH4D28-6R8NC","4D28 6.8UH +/-25%",0.45,"1",0.17,"",NULL,112000,50400,0,"201008","2010-08-10",NULL,"CG-10-04-13-039","04","ACTIVE",NULL,"8","谢冰冰","1","GC0049",0.17,NULL
80,"GV0005","今凯","0","P10030775","CKRH5D18-100NC","GCRH5D18-100NC","5D18 10UH +/-25%",0.45,"1",0.17,"",NULL,474000,213300,0,"201008","2010-08-10",NULL,"CG-10-04-13-039","04","ACTIVE",NULL,"8","谢冰冰","1","GC0049",0.17,NULL
81,"GV0005","今凯","0","P10030775","CKRH8D28-100M","GCRH8D28-100M","8D28 10UH +/-20%",0.68,"1",0.17,"",NULL,61000,41480,0,"201008","2010-08-10",NULL,"CG-10-04-13-039","04","ACTIVE",NULL,"8","谢冰冰","1","GC0049",0.17,NULL
82,"GV0005","今凯","0","P10030775","CKRH104R-331NC","GCRH104R-331NC","104R 330UH +/-25%",0.68,"1",0.17,"",NULL,101200,68816,0,"201008","2010-08-10",NULL,"CG-10-04-13-039","04","ACTIVE",NULL,"8","谢冰冰","1","GC0049",0.17,NULL
83,"GV0005","今凯","0","P10030775","CKRH2D18A/HP-2R2NC","GCRH2D18A/HP-2R2NC","2D18A/HP 2.2UH +/-25% 高度2MM DCR小于125M欧 可耐电流0.63A",0.473,"1",0.17,"",NULL,2000,946,0,"201008","2010-08-10",NULL,"CG-10-04-13-039","04","ACTIVE",NULL,"8","谢冰冰","1","GC0049",0.17,NULL
84,"GV0001","科翔兴","0","P10030814","ELJFC100KF","ELJFC100KF-G","2520 10UH +/-10%",0.0192,"0",0,"",NULL,102000,1958.4,0,"201008","2010-08-10",NULL,"PO1006-201","04","ACTIVE",NULL,"8","谢冰冰","1","GC0006",0,NULL
85,"GV0012","威雅利","0","P10030839","DLW21SN181SQ2L","DLW21SN181SQ2L","0805 180 OHM",0.068,"0",0,"",NULL,146000,9928,0,"201008","2010-09-01",NULL,"1003225","04","ACTIVE",NULL,"8","谢冰冰","3","GC0013",0,NULL
86,"GV0012","威雅利","0","P10030839","DLW21SN181SQ2L","DLW21SN181SQ2L","0805 180 OHM",0.068,"0",0,"",NULL,154000,10472,0,"201008","2010-10-04",NULL,"1003225","04","ACTIVE",NULL,"8","谢冰冰","3","GC0013",0,NULL
87,"GV0012","威雅利","0","P10030839","DLW21SN181SQ2L","DLW21SN181SQ2L","0805 180 OHM",0.068,"0",0,"",NULL,78000,5304,0,"201008","2010-11-01",NULL,"1003225","04","ACTIVE",NULL,"8","谢冰冰","3","GC0013",0,NULL
88,"GV0007","三乐","0","P10030857","TC-251K-6A-8026B","TC-251K-6A-8026B","8026B 250UH",1.8,"1",0.17,"",NULL,24250,43650,0,"201008","2010-08-10",NULL,"CG-10-04-13-039","04","ACTIVE",NULL,"8","谢冰冰","1","GC0049",0.17,NULL
89,"GV0007","三乐","0","P10030857","TC-151U-18126","TC-151U-18126","18126 150UH",1.65,"1",0.17,"",NULL,13000,21450,0,"201008","2010-08-10",NULL,"CG-10-04-13-039","04","ACTIVE",NULL,"8","谢冰冰","1","GC0049",0.17,NULL
90,"GV0011","高雅","0","P10030883","CCFH0603CR33J","LLQ1608-FR33J","0603绕线电感 330NH 5% 电气性能、包装及编带和TOKO P/N:LLQ1608-FR33J一致",0.025,"0",0,"",NULL,12000,300,0,"201008","2010-06-01",NULL,"1007027","04","ACTIVE",NULL,"8","谢冰冰","3","GC0013",0,NULL
91,"GV0001","科翔兴","0","P10030933","ELJFC100KF","ELJFC100KF-G","2520 10UH +/-10%",0.0192,"0",0,"",NULL,42000,806.4,0,"201008","2010-08-10",NULL,"100707002","04","ACTIVE",NULL,"8","谢冰冰","1","GC0115",0,NULL
92,"GV0001","科翔兴","0","P10030933","ELJPA680KF","ELJPA680KF-G","3225 68UH +/-10%低内阻",0.0192,"0",0,"",NULL,20000,384,0,"201008","2010-08-15",NULL,"PO1005-055","04","ACTIVE",NULL,"8","谢冰冰","1","GC0006",0,NULL
93,"GV0001","科翔兴","0","P10031056","ELJPA470KF","ELJPA470KF-G","3225 47UH +/-10%低内阻",0.0192,"0",0,"",NULL,396000,7603.2,0,"201008","2010-08-10",NULL,"GH20100126","04","ACTIVE",NULL,"8","谢冰冰","1","GC0085",0,NULL
94,"GV0001","科翔兴","0","P10031056","ELJPA470KF","ELJPA470KF-G","3225 47UH +/-10%低内阻",0.0192,"0",0,"",NULL,4000,76.8,0,"201008","2010-08-10",NULL,"GH20100160","04","ACTIVE",NULL,"8","谢冰冰","1","GC0063",0,NULL
95,"GV0001","科翔兴","0","P10031056","ELJFC100KF","ELJFC100KF-G","2520 10UH +/-10%",0.0192,"0",0,"",NULL,20000,384,0,"201008","2010-08-15",NULL,"PO1004-104","04","ACTIVE",NULL,"8","谢冰冰","1","GC0006",0,NULL
96,"GV0001","科翔兴","0","P10031056","ELJFC100KF","ELJFC100KF-G","2520 10UH +/-10%",0.0192,"0",0,"",NULL,18000,345.6,0,"201008","2010-08-10",NULL,"PO1006-201","04","ACTIVE",NULL,"8","谢冰冰","1","GC0006",0,NULL
97,"GV0005","今凯","0","P10031061","CKRH2D18A/HP-2R2NC","GCRH2D18A/HP-2R2NC","2D18A/HP 2.2UH +/-25% 高度2MM DCR小于125M欧 可耐电流0.63A",0.473,"1",0.17,"",NULL,20000,9460,0,"201008","2010-08-10",NULL,"CG-10-04-28-0015","04","ACTIVE",NULL,"8","谢冰冰","1","GC0049",0.17,NULL
98,"GV0005","今凯","0","P10031061","CKRH5D18-100NC","GCRH5D18-100NC","5D18 10UH +/-25%",0.45,"1",0.17,"",NULL,10000,4500,0,"201008","2010-08-10",NULL,"CG-10-04-28-0015","04","ACTIVE",NULL,"8","谢冰冰","1","GC0049",0.17,NULL
99,"GV0001","科翔兴","0","P10031222","ELJFC100KF","ELJFC100KF-G","2520 10UH +/-10%",0.0192,"0",0,"",NULL,4000,76.8,0,"201008","2010-08-10",NULL,"100707002","04","ACTIVE",NULL,"8","谢冰冰","1","GC0115",0,NULL
100,"GV0001","科翔兴","0","P10031222","ELJFC100KF","ELJFC100KF-G","2520 10UH +/-10%",0.0192,"0",0,"",NULL,30000,576,0,"201008","2010-08-10",NULL,"100707002","04","ACTIVE",NULL,"8","谢冰冰","1","GC0115",0,NULL
101,"GV0001","科翔兴","0","P10031222","ELJPC220KF","ELJPC220KF-G","2520 22UH +/-10%低内阻",0.0192,"0",0,"",NULL,32000,614.4,0,"201008","2010-08-15",NULL,"100803002","04","ACTIVE",NULL,"8","谢冰冰","1","GC0115",0,NULL
102,"GV0001","科翔兴","0","P10031222","ELJPA2R2MF","ELJPA2R2MF-G","3225 2.2UH +/-20%低内阻",0,"0",0,"",NULL,2000,0,0,"201008","2010-08-15",NULL,"DJ0719GLE","04","ACTIVE",NULL,"8","谢冰冰","1","GC0105",0,NULL
103,"GV0001","科翔兴","0","P10031222","ELJPA2R2MF","ELJPA2R2MF-G","3225 2.2UH +/-20%低内阻",0.0192,"0",0,"",NULL,10000,192,0,"201008","2010-08-15",NULL,"PO1005-055","04","ACTIVE",NULL,"8","谢冰冰","1","GC0006",0,NULL
104,"GV0001","科翔兴","0","P10031222","ELJPA4R7MF","ELJPA4R7MF-G","3225 4.7UH +/-20%低内阻",0.0192,"0",0,"",NULL,4000,76.8,0,"201008","2010-08-15",NULL,"PO1005-079","04","ACTIVE",NULL,"8","谢冰冰","1","GC0006",0,NULL
105,"GV0001","科翔兴","0","P10031222","ELJPA4R7MF","ELJPA4R7MF-G","3225 4.7UH +/-20%低内阻",0.0192,"0",0,"",NULL,20000,384,0,"201008","2010-08-15",NULL,"PO1006-074","04","ACTIVE",NULL,"8","谢冰冰","1","GC0006",0,NULL
106,"GV0005","今凯","0","P10031251RVE.01","CKRH5D28-100M","GCRH5D28-100M","5D28 10UH +/-20%",0.45,"1",0.17,"",NULL,20000,9000,0,"201008","2010-08-10",NULL,"FA-PO-20100709003","04","ACTIVE",NULL,"8","谢冰冰","1","GC0016",0.17,NULL
107,"GV0001","科翔兴","0","P10031266","ELJFC100KF","ELJFC100KF-G","2520 10UH +/-10%",0.0192,"0",0,"",NULL,14000,268.8,0,"201008","2010-08-10",NULL,"100707002","04","ACTIVE",NULL,"8","谢冰冰","1","GC0115",0,NULL
108,"GV0001","科翔兴","0","P10031266","ELJPA100KF","ELJPA100KF-G","3225 10UH +/-10% 低内阻",0.0192,"0",0,"",NULL,190000,3648,0,"201008","2010-08-20",NULL,"GH20100126","04","ACTIVE",NULL,"8","谢冰冰","1","GC0085",0,NULL
109,"GV0001","科翔兴","0","P10031266","ELJFC100KF","ELJFC100KF-G","2520 10UH +/-10%",0.0192,"0",0,"",NULL,28000,537.6,0,"201008","2010-08-10",NULL,"PO1006-201","04","ACTIVE",NULL,"8","谢冰冰","1","GC0006",0,NULL
110,"GV0001","科翔兴","0","P10031266","ELJFC100KF","ELJFC100KF-G","2520 10UH +/-10%",0.0192,"0",0,"",NULL,308000,5913.6,0,"201008","2010-08-10",NULL,"PO1007-044","04","ACTIVE",NULL,"8","谢冰冰","1","GC0006",0,NULL
111,"GV0006","海瑞达","0","P10031495","HSMRH63B-101M","GCRH63B-101M","63B 100UH +/-20%",0.5,"1",0.17,"",NULL,2000,1000,0,"201008","2010-08-15",NULL,"GH20100161","04","ACTIVE",NULL,"8","谢冰冰","1","GC0084",0.17,NULL
112,"GV0005","今凯","0","P10031599","CKRH5D28-470NC","GCRH5D28-470NC","5D28 47UH +/-25%",0.45,"1",0.17,"",NULL,30000,13500,0,"201008","2010-11-01",NULL,"FA-PO-20100521051","04","ACTIVE",NULL,"8","谢冰冰","1","GC0016",0.17,NULL
113,"GV0005","今凯","0","P10031695RVE.01","CKRH4D28-151NC","GCRH4D28-151NC","4D28 150UH +/-25% 240MA",0.45,"1",0.17,"",NULL,8000,3600,0,"201008","2010-08-10",NULL,"GH20100209","04","ACTIVE",NULL,"8","谢冰冰","1","GC0062",0.17,NULL
114,"GV0012","威雅利","0","P10031786","DLW21SN181SQ2L","DLW21SN181SQ2L","0805 180 OHM",0.068,"0",0,"",NULL,8000,544,0,"201008","2010-07-02",NULL,"1005216","04","ACTIVE",NULL,"8","谢冰冰","3","GC0013",0,NULL
115,"GV0005","今凯","0","P10031812","CKRH74-102M","GCRH74-102M","74 1000UH +/-20%",0.605,"1",0.17,"",NULL,15000,9075,0,"201008","2010-08-10",NULL,"FA-PO-20100521051","04","ACTIVE",NULL,"8","谢冰冰","1","GC0016",0.17,NULL
116,"GV0005","今凯","0","P10031856","CKD43-471M","GCD43-471M","43 470UH +/-20%",0.23,"1",0.17,"",NULL,32000,7360,0,"201008","2010-08-10",NULL,"100605","04","ACTIVE",NULL,"8","谢冰冰","1","GC0050",0.17,NULL
117,"GV0015","坚发林生","0","P10031877RVE.01","KV1471ETR","KV1471E","TOKO",0.054,"0",0,"",NULL,24000,1296,0,"201008","2010-08-10",NULL,"100540-3080-11","04","ACTIVE",NULL,"8","谢冰冰","1","GC0104",0,NULL
118,"GV0015","坚发林生","0","P10031877RVE.01","16RHBP-150M","16RHBP-150M","TOKO",0.33,"0",0,"",NULL,2000,660,0,"201008","2010-08-10",NULL,"10061002","04","ACTIVE",NULL,"8","谢冰冰","1","GC0096",0,NULL
119,"GV0013","坚发","0","P10031877RVE.02","#919AS-1R8N=P3","#919AS-1R8N=P3","TOKO",1.3,"0",0,"",NULL,1500,1950,0,"201008","2010-08-10",NULL,"GH20100207","04","ACTIVE",NULL,"8","谢冰冰","1","GC0007",0,NULL
120,"GV0001","科翔兴","0","P10031938RVE.01","ELJPC100KF","ELJPC100KF-G","2520 10UH +/-10%低内阻",0.0192,"0",0,"",NULL,30000,576,0,"201008","2010-08-20",NULL,"100707002","04","ACTIVE",NULL,"8","谢冰冰","1","GC0115",0,NULL
121,"GV0001","科翔兴","0","P10031938RVE.01","ELJFC680KF","ELJFC680KF-G","2520 68UH +/-10%",0.0192,"0",0,"",NULL,2000,38.4,0,"201008","2010-08-15",NULL,"100803002","04","ACTIVE",NULL,"8","谢冰冰","1","GC0115",0,NULL
122,"GV0001","科翔兴","0","P10031938RVE.01","ELJPC100KF","ELJPC100KF-G","2520 10UH +/-10%低内阻",0.0192,"0",0,"",NULL,60000,1152,0,"201008","2010-08-20",NULL,"100803002","04","ACTIVE",NULL,"8","谢冰冰","1","GC0115",0,NULL
123,"GV0001","科翔兴","0","P10031938RVE.01","ELJPC100KF","ELJPC100KF-G","2520 10UH +/-10%低内阻",0.0192,"0",0,"",NULL,30000,576,0,"201008","2010-08-20",NULL,"2010080502","04","ACTIVE",NULL,"8","谢冰冰","1","GC0064",0,NULL
124,"GV0001","科翔兴","0","P10031938RVE.01","ELJPA680KF","ELJPA680KF-G","3225 68UH +/-10%低内阻",0.0192,"0",0,"",NULL,14000,268.8,0,"201008","2010-08-15",NULL,"10070201","04","ACTIVE",NULL,"8","谢冰冰","1","GC0009",0,NULL
125,"GV0001","科翔兴","0","P10031938RVE.01","ELJPB100KF","ELJPB100KF-G","4532 10UH +/-10%低内阻",0.04653,"0",0,"",NULL,13500,628.16,0,"201008","2010-08-15",NULL,"11004121411","04","ACTIVE",NULL,"8","谢冰冰","1","GC0012",0,NULL
126,"GV0001","科翔兴","0","P10031938RVE.01","ELJFC220JF","ELJFC220JF-G","2520 22UH +/-5%",0.0192,"0",0,"",NULL,100000,1920,0,"201008","2010-08-15",NULL,"GH20100165","04","ACTIVE",NULL,"8","谢冰冰","1","GC0014",0,NULL
127,"GV0001","科翔兴","0","P10031938RVE.01","ELJFC220JF","ELJFC220JF-G","2520 22UH +/-5%",0.0192,"0",0,"",NULL,200000,3840,0,"201008","2010-08-15",NULL,"GH20100217","04","ACTIVE",NULL,"8","谢冰冰","1","GC0014",0,NULL
128,"GV0001","科翔兴","0","P10031938RVE.01","ELJFC390KF","ELJFC390KF-G","2520 39UH +/-10%",0.0192,"0",0,"",NULL,10000,192,0,"201008","2010-08-15",NULL,"PO1005-055","04","ACTIVE",NULL,"8","谢冰冰","1","GC0006",0,NULL
129,"GV0001","科翔兴","0","P10031938RVE.01","ELJPC2R2MF","ELJPC2R2MF-G","2520 2.2UH +/-20%低内阻",0.0192,"0",0,"",NULL,26000,499.2,0,"201008","2010-08-10",NULL,"PO1005-055","04","ACTIVE",NULL,"8","谢冰冰","1","GC0006",0,NULL
130,"GV0001","科翔兴","0","P10031938RVE.01","ELJFB220KF","ELJFB220KF-G","4532 22UH +/-10%",0.04451,"0",0,"",NULL,6000,267.06,0,"201008","2010-08-15",NULL,"PO1005-190","04","ACTIVE",NULL,"8","谢冰冰","1","GC0006",0,NULL
131,"GV0001","科翔兴","0","P10031938RVE.01","ELJFC680KF","ELJFC680KF-G","2520 68UH +/-10%",0.0192,"0",0,"",NULL,18000,345.6,0,"201008","2010-08-15",NULL,"PO1006-074","04","ACTIVE",NULL,"8","谢冰冰","1","GC0006",0,NULL
132,"GV0001","科翔兴","0","P10031938RVE.01","ELJPA2R2MF","ELJPA2R2MF-G","3225 2.2UH +/-20%低内阻",0.0192,"0",0,"",NULL,20000,384,0,"201008","2010-08-15",NULL,"PO1006-101","04","ACTIVE",NULL,"8","谢冰冰","1","GC0006",0,NULL
133,"GV0001","科翔兴","0","P10031938RVE.01","ELJFB220KF","ELJFB220KF-G","4532 22UH +/-10%",0.04451,"0",0,"",NULL,1000,44.51,0,"201008","2010-08-15",NULL,"PO1006-201","04","ACTIVE",NULL,"8","谢冰冰","1","GC0006",0,NULL
134,"GV0001","科翔兴","0","P10031938RVE.01","ELJPA4R7MF","ELJPA4R7MF-G","3225 4.7UH +/-20%低内阻",0.0192,"0",0,"",NULL,20000,384,0,"201008","2010-08-10",NULL,"PO1006-201","04","ACTIVE",NULL,"8","谢冰冰","1","GC0006",0,NULL
135,"GV0001","科翔兴","0","P10031938RVE.01","ELJPC2R2MF","ELJPC2R2MF-G","2520 2.2UH +/-20%低内阻",0.0192,"0",0,"",NULL,20000,384,0,"201008","2010-08-10",NULL,"PO1007-111","04","ACTIVE",NULL,"8","谢冰冰","1","GC0006",0,NULL
136,"GV0001","科翔兴","0","P10031938RVE.01","ELJPB100KF","ELJPB100KF-G","4532 10UH +/-10%低内阻",0.04653,"0",0,"",NULL,3000,139.59,0,"201008","2010-08-15",NULL,"PO10080216","04","ACTIVE",NULL,"8","谢冰冰","1","GC0070",0,NULL
137,"GV0001","科翔兴","0","P10031938RVE.01","ELJPC2R2MF","ELJPC2R2MF-G","2520 2.2UH +/-20%低内阻",0.0192,"0",0,"",NULL,4000,76.8,0,"201008","2010-08-10",NULL,"TTL100714-022","04","ACTIVE",NULL,"8","谢冰冰","1","GC0113",0,NULL
138,"GV0005","今凯","0","P10032066","CKRH5D28-100M","GCRH5D28-100M","5D28 10UH +/-20%",0.45,"1",0.17,"",NULL,4000,1800,0,"201008","2010-08-10",NULL,"FA-PO-A2010061901","04","ACTIVE",NULL,"8","谢冰冰","1","GC0016",0.17,NULL
139,"GV0005","今凯","0","P10032066","CKRH5D28-470NC","GCRH5D28-470NC","5D28 47UH +/-25%",0.45,"1",0.17,"",NULL,82000,36900,0,"201008","2010-08-10",NULL,"FA-PO-A2010061901","04","ACTIVE",NULL,"8","谢冰冰","1","GC0016",0.17,NULL
140,"GV0005","今凯","0","P10032066","CKRH4D28-101M","GCRH4D28-101M","4D28 100UH +/-20%",0.45,"1",0.17,"可确定明细",NULL,3000,1350,0,"201008","2010-08-10",NULL,"YX10071509","04","ACTIVE",NULL,"8","谢冰冰","1","GC0083",0.17,NULL
141,"GV0005","今凯","0","P10032188","CKRH125-470M","GCRH125-470M","125 47UH +/-20%",0.66,"1",0.17,"",NULL,2000,1320,0,"201008","2010-08-10",NULL,"FA-PO-A2010062603","04","ACTIVE",NULL,"8","谢冰冰","1","GC0016",0.17,NULL
142,"GV0005","今凯","0","P10032188","CKRH5D28-100M","GCRH5D28-100M","5D28 10UH +/-20%",0.45,"1",0.17,"",NULL,4000,1800,0,"201008","2010-08-10",NULL,"FA-PO-A2010062603","04","ACTIVE",NULL,"8","谢冰冰","1","GC0016",0.17,NULL
143,"GV0005","今凯","0","P10032188","CKRH5D28-470NC","GCRH5D28-470NC","5D28 47UH +/-25%",0.45,"1",0.17,"",NULL,82000,36900,0,"201008","2010-08-10",NULL,"FA-PO-A2010062603","04","ACTIVE",NULL,"8","谢冰冰","1","GC0016",0.17,NULL
144,"GV0005","今凯","0","P10032188","CKRH125-470M","GCRH125-470M","125 47UH +/-20%",0.66,"1",0.17,"",NULL,10000,6600,0,"201008","2010-08-10",NULL,"FA-PO-A2010063002","04","ACTIVE",NULL,"8","谢冰冰","1","GC0016",0.17,NULL
145,"GV0006","海瑞达","0","P10032191","HSM43-470M","GCD43-470M","43 4*4*3 47UH +/-20%",0.18,"1",0.17,"",NULL,2000,360,0,"201008","2010-08-15",NULL,"GH20100217-1","04","ACTIVE",NULL,"8","谢冰冰","1","GC0098",0.17,NULL
146,"GV0011","高雅","0","P10032236","CCFH0603CR33J","LLQ1608-FR33J","0603绕线电感 330NH 5% 电气性能、包装及编带和TOKO P/N:LLQ1608-FR33J一致",0.025,"0",0,"",NULL,140000,3500,0,"201008","2010-06-01",NULL,"1007088","04","ACTIVE",NULL,"8","谢冰冰","3","GC0013",0,NULL
147,"GV0006","海瑞达","0","P10032261","HSMRH63B-561M","GCRH63B-561M-D","63B 560UH +/-20% 封胶",0.5,"1",0.17,"",NULL,6000,3000,0,"201008","2010-08-15",NULL,"GH20100218","04","ACTIVE",NULL,"8","谢冰冰","1","GC0084",0.17,NULL
148,"GV0006","海瑞达","0","P10032261","HSM105-100M","GCD105-100M","10UH 2A",0.4,"1",0.17,"",NULL,2000,800,0,"201008","2010-08-08",NULL,"PO-2010070001","04","ACTIVE",NULL,"8","谢冰冰","1","GC0015",0.17,NULL
149,"GV0001","科翔兴","0","P10032324RVE.0","ELJPA221KF","ELJPA221KF-G","3225 220UH +/-10%低内阻",0.0192,"0",0,"",NULL,10000,192,0,"201008","2010-08-15",NULL,"D1007010","04","ACTIVE",NULL,"8","谢冰冰","1","GC0011",0,NULL
150,"GV0001","科翔兴","0","P10032324RVE.0","ELJPA221KF","ELJPA221KF-G","3225 220UH +/-10%低内阻",0.0192,"0",0,"",NULL,2000,38.4,0,"201008","2010-08-15",NULL,"D1008013","04","ACTIVE",NULL,"8","谢冰冰","1","GC0011",0,NULL
151,"GV0001","科翔兴","0","P10032324RVE.01","ELJFB220KF","ELJFB220KF-G","4532 22UH +/-10%",0.04451,"0",0,"",NULL,4000,178.04,0,"201008","2010-08-15",NULL,"PO1004-002","04","ACTIVE",NULL,"8","谢冰冰","1","GC0006",0,NULL
152,"GV0001","科翔兴","0","P10032324RVE.01","ELJFB220KF","ELJFB220KF-G","4532 22UH +/-10%",0.04451,"0",0,"",NULL,8000,356.08,0,"201008","2010-08-15",NULL,"PO1004-104","04","ACTIVE",NULL,"8","谢冰冰","1","GC0006",0,NULL
153,"GV0001","科翔兴","0","P10032324RVE.01","ELJFB220KF","ELJFB220KF-G","4532 22UH +/-10%",0.04451,"0",0,"",NULL,2000,89.02,0,"201008","2010-08-15",NULL,"PO1006-201","04","ACTIVE",NULL,"8","谢冰冰","1","GC0006",0,NULL
154,"GV0001","科翔兴","0","P10032324RVE.01","ELJFB220KF","ELJFB220KF-G","4532 22UH +/-10%",0.04451,"0",0,"",NULL,16000,712.16,0,"201008","2010-08-15",NULL,"PO1007-044","04","ACTIVE",NULL,"8","谢冰冰","1","GC0006",0,NULL
155,"GV0001","科翔兴","0","P10032324RVE.01","ELJFB220KF","ELJFB220KF-G","4532 22UH +/-10%",0.04451,"0",0,"",NULL,8000,356.08,0,"201008","2010-08-15",NULL,"PO1007-160","04","ACTIVE",NULL,"8","谢冰冰","1","GC0006",0,NULL
156,"GV0001","科翔兴","0","P10032324RVE.02","ELJFC1R0JF","ELJFC1R0JF-G","2520 1.0UH +/-5%",0.0192,"0",0,"",NULL,40000,768,0,"201008","2010-08-10",NULL,"100707002","04","ACTIVE",NULL,"8","谢冰冰","1","GC0115",0,NULL
157,"GV0001","科翔兴","0","P10032324RVE.02","ELJFC100KF","ELJFC100KF-G","2520 10UH +/-10%",0.0192,"0",0,"",NULL,102000,1958.4,0,"201008","2010-08-10",NULL,"100707002","04","ACTIVE",NULL,"8","谢冰冰","1","GC0115",0,NULL
158,"GV0001","科翔兴","0","P10032324RVE.02","ELJFC1R0JF","ELJFC1R0JF-G","2520 1.0UH +/-5%",0.0192,"0",0,"",NULL,40000,768,0,"201008","2010-08-10",NULL,"100707002","04","ACTIVE",NULL,"8","谢冰冰","1","GC0115",0,NULL
159,"GV0001","科翔兴","0","P10032324RVE.02","ELJFA470KF","ELJFA470KF-G","松下 3225 47UH",0.0192,"0",0,"",NULL,30000,576,0,"201008","2010-08-10",NULL,"100707002","04","ACTIVE",NULL,"8","谢冰冰","1","GC0115",0,NULL
160,"GV0001","科翔兴","0","P10032324RVE.02","ELJPA4R7MF","ELJPA4R7MF-G","3225 4.7UH +/-20%低内阻",0.0192,"0",0,"",NULL,14000,268.8,0,"201008","2010-08-15",NULL,"GH20100252","04","ACTIVE",NULL,"8","谢冰冰","1","GC0129",0,NULL
161,"GV0001","科翔兴","0","P10032324RVE.02","ELJFC101KF","ELJFC101KF-G","2520 100UH +/-10%",0.0192,"0",0,"",NULL,40000,768,0,"201008","2010-08-15",NULL,"PO1004-104","04","ACTIVE",NULL,"8","谢冰冰","1","GC0006",0,NULL
162,"GV0001","科翔兴","0","P10032324RVE.02","ELJPA2R2MF","ELJPA2R2MF-G","3225 2.2UH +/-20%低内阻",0.0192,"0",0,"",NULL,20000,384,0,"201008","2010-08-15",NULL,"PO1006-170","04","ACTIVE",NULL,"8","谢冰冰","1","GC0006",0,NULL
163,"GV0001","科翔兴","0","P10032324RVE.02","ELJFC390KF","ELJFC390KF-G","2520 39UH +/-10%",0.0192,"0",0,"",NULL,20000,384,0,"201008","2010-08-15",NULL,"PO1007-044","04","ACTIVE",NULL,"8","谢冰冰","1","GC0006",0,NULL
164,"GV0001","科翔兴","0","P10032324RVE.02","ELJFC680KF","ELJFC680KF-G","2520 68UH +/-10%",0.0192,"0",0,"",NULL,20000,384,0,"201008","2010-08-15",NULL,"PO1007-044","04","ACTIVE",NULL,"8","谢冰冰","1","GC0006",0,NULL
165,"GV0001","科翔兴","0","P10032324RVE.02","ELJFC1R5JF","ELJFC1R5JF-G","2520 1.5UH +/-5%",0.0192,"0",0,"",NULL,14000,268.8,0,"201008","2010-08-15",NULL,"PO1007-044","04","ACTIVE",NULL,"8","谢冰冰","1","GC0006",0,NULL
166,"GV0001","科翔兴","0","P10032324RVE.02","ELJPA2R2MF","ELJPA2R2MF-G","3225 2.2UH +/-20%低内阻",0.0192,"0",0,"",NULL,20000,384,0,"201008","2010-08-15",NULL,"PO1007-044","04","ACTIVE",NULL,"8","谢冰冰","1","GC0006",0,NULL
167,"GV0001","科翔兴","0","P10032324RVE.02","ELJFC4R7JF","ELJFC4R7JF-G","2520 4.7UH +/-5%",0.0192,"0",0,"",NULL,6000,115.2,0,"201008","2010-08-15",NULL,"PO1007-044","04","ACTIVE",NULL,"8","谢冰冰","1","GC0006",0,NULL
168,"GV0001","科翔兴","0","P10032324RVE.02","ELJPA4R7MF","ELJPA4R7MF-G","3225 4.7UH +/-20%低内阻",0.0192,"0",0,"",NULL,14000,268.8,0,"201008","2010-08-15",NULL,"PO1007-044","04","ACTIVE",NULL,"8","谢冰冰","1","GC0006",0,NULL
169,"GV0001","科翔兴","0","P10032324RVE.02","ELJFC4R7JF","ELJFC4R7JF-G","2520 4.7UH +/-5%",0.0192,"0",0,"",NULL,6000,115.2,0,"201008","2010-08-15",NULL,"PO1007-111","04","ACTIVE",NULL,"8","谢冰冰","1","GC0006",0,NULL
170,"GV0001","科翔兴","0","P10032324RVE.02","ELJPA4R7MF","ELJPA4R7MF-G","3225 4.7UH +/-20%低内阻",0.0192,"0",0,"",NULL,6000,115.2,0,"201008","2010-08-15",NULL,"PO1007-111","04","ACTIVE",NULL,"8","谢冰冰","1","GC0006",0,NULL
171,"GV0005","今凯","0","P10032341","CKD52-4R7NC","GCD52-4R7NC","52 4.7UH +/-25%",0.323,"1",0.17,"",NULL,4000,1292,0,"201008","2010-08-10",NULL,"PG4779","04","ACTIVE",NULL,"8","谢冰冰","1","GC0069",0.17,NULL
172,"GV0005","今凯","0","P10032341","CKRH2D18A/HP-4R7NC","GCRH2D18A/HP-4R7NC","2D18A/HP 4.7UH 高度2MM DCR小于78M欧 可耐电流0.63A +/-25% 对角型脚位",0.473,"1",0.17,"",NULL,98000,46354,0,"201008","2010-08-15",NULL,"PO2010060257","04","ACTIVE",NULL,"8","谢冰冰","1","GC0048",0.17,NULL
173,"GV0005","今凯","0","P10032341","CKRH2D18A/HP-4R7NC","GCRH2D18A/HP-4R7NC","2D18A/HP 4.7UH 高度2MM DCR小于78M欧 可耐电流0.63A +/-25% 对角型脚位",0.473,"1",0.17,"调价后的价格，上一张单还是按原价卖",NULL,50000,23650,0,"201008","2010-08-10",NULL,"PO2010080039","04","ACTIVE",NULL,"8","谢冰冰","1","GC0048",0.17,NULL
174,"GV0003","华龙东光","0","P10032375","#FSLM2520-1R0J=P2","#FSLM2520-1R0J=P2","TOKO",0.028,"0",0,"",NULL,70000,1960,0,"201008","2010-12-01",NULL,"1007088","04","ACTIVE",NULL,"8","谢冰冰","1","GC0013",0,NULL
175,"GV0003","华龙东光","0","P10032375","#FSLM2520-1R0J=P2","#FSLM2520-1R0J=P2","TOKO",0.028,"0",0,"",NULL,70000,1960,0,"201008","2010-01-03",NULL,"1007088","04","ACTIVE",NULL,"8","谢冰冰","1","GC0013",0,NULL
176,"GV0003","华龙东光","0","P10032375","#FSLM2520-1R0J=P2","#FSLM2520-1R0J=P2","TOKO",0.028,"0",0,"",NULL,60000,1680,0,"201008","2010-02-09",NULL,"1007088","04","ACTIVE",NULL,"8","谢冰冰","1","GC0013",0,NULL
177,"GV0003","华龙东光","0","P10032375","#FSLM2520-1R0J=P2","#FSLM2520-1R0J=P2","TOKO",0.028,"0",0,"",NULL,48000,1344,0,"201008","2010-03-01",NULL,"1007088","04","ACTIVE",NULL,"8","谢冰冰","1","GC0013",0,NULL
178,"GV0003","华龙东光","0","P10032375","#FSLM2520-2R7J=P2","#FSLM2520-2R7J=P2","TOKO",0.028,"0",0,"",NULL,70000,1960,0,"201008","2010-12-01",NULL,"1007088","04","ACTIVE",NULL,"8","谢冰冰","1","GC0013",0,NULL
179,"GV0003","华龙东光","0","P10032375","#FSLM2520-2R7J=P2","#FSLM2520-2R7J=P2","TOKO",0.028,"0",0,"",NULL,70000,1960,0,"201008","2010-01-03",NULL,"1007088","04","ACTIVE",NULL,"8","谢冰冰","1","GC0013",0,NULL
180,"GV0003","华龙东光","0","P10032375","#FSLM2520-2R7J=P2","#FSLM2520-2R7J=P2","TOKO",0.028,"0",0,"",NULL,60000,1680,0,"201008","2010-02-09",NULL,"1007088","04","ACTIVE",NULL,"8","谢冰冰","1","GC0013",0,NULL
181,"GV0003","华龙东光","0","P10032375","#FSLM2520-2R7J=P2","#FSLM2520-2R7J=P2","TOKO",0.028,"0",0,"",NULL,48000,1344,0,"201008","2010-03-01",NULL,"1007088","04","ACTIVE",NULL,"8","谢冰冰","1","GC0013",0,NULL
182,"GV0003","华龙东光","0","P10032375","LL1608-FSL10NJ","LL1608-FSL10NJ","TOKO",0.0084,"0",0,"",NULL,140000,1176,0,"201008","2010-12-01",NULL,"1007088","04","ACTIVE",NULL,"8","谢冰冰","1","GC0013",0,NULL
183,"GV0003","华龙东光","0","P10032375","LL1608-FSL10NJ","LL1608-FSL10NJ","TOKO",0.0084,"0",0,"",NULL,140000,1176,0,"201008","2011-01-03",NULL,"1007088","04","ACTIVE",NULL,"8","谢冰冰","1","GC0013",0,NULL
184,"GV0003","华龙东光","0","P10032375","LL1608-FSL10NJ","LL1608-FSL10NJ","TOKO",0.0084,"0",0,"",NULL,120000,1008,0,"201008","2011-02-09",NULL,"1007088","04","ACTIVE",NULL,"8","谢冰冰","1","GC0013",0,NULL
185,"GV0003","华龙东光","0","P10032375","LL1608-FSL10NJ","LL1608-FSL10NJ","TOKO",0.0084,"0",0,"",NULL,100000,840,0,"201008","2011-03-01",NULL,"1007088","04","ACTIVE",NULL,"8","谢冰冰","1","GC0013",0,NULL
186,"GV0005","今凯","0","P10032381","CKRH104R-470NC","GCRH104R-470NC","47UH 要求参数与SUMIDA料号：CDRH104RNP-470NC完全相同，特别是DCR，500PCS/R",0.68,"1",0.17,"",NULL,10000,6800,0,"201008","2010-08-10",NULL,"GR-GD1006D","04","ACTIVE",NULL,"8","谢冰冰","1","GC0122",0.17,NULL
187,"GV0027","奇力新","0","P10032395RVE.01","SCDS6D38T-100M-S-N","SCDS6D38T-100M-S-N","CHILISIN INDUCTOR 10UH,2.A,38 MILLIOHM",0.72,"0",0,"可确定明细",NULL,14000,10080,0,"201008","2010-09-15",NULL,"AEL201009009-1462-04","04","ACTIVE",NULL,"8","谢冰冰","2","GC0104",0,NULL
188,"GV0005","今凯","0","P10032412","CKRH7032-100M","GSLF7032T-100M","7032 10UH +/-20%",0.629,"1",0.17,"",NULL,1000,629,0,"201008","2010-08-10",NULL,"B1005003","04","ACTIVE",NULL,"8","谢冰冰","1","GC0019",0.17,NULL
189,"GV0005","今凯","0","P10032412","CKRH7032-100M","GSLF7032T-100M","7032 10UH +/-20%",0.629,"1",0.17,"",NULL,5000,3145,0,"201008","2010-08-15",NULL,"B1007032","04","ACTIVE",NULL,"8","谢冰冰","1","GC0019",0.17,NULL
190,"GV0006","海瑞达","0","P10032425","HSMRH104R-100M","GCRH104R-100M","104R 10UH 2A +/-20%",0.5,"1",0.17,"",NULL,1000,500,0,"201008","2010-08-15",NULL,"B1007032","04","ACTIVE",NULL,"8","谢冰冰","1","GC0019",0.17,NULL
191,"GV0011","高雅","0","P10032433","CCFH0603CR33J","LLQ1608-FR33J","0603绕线电感 330NH 5% 电气性能、包装及编带和TOKO P/N:LLQ1608-FR33J一致",0.025,"0",0,"",NULL,140000,3500,0,"201008","2010-08-02",NULL,"1007088","04","ACTIVE",NULL,"8","谢冰冰","3","GC0013",0,NULL
192,"GV0011","高雅","0","P10032433","CCFH0603CR33J","LLQ1608-FR33J","0603绕线电感 330NH 5% 电气性能、包装及编带和TOKO P/N:LLQ1608-FR33J一致",0.025,"0",0,"",NULL,120000,3000,0,"201008","2010-12-01",NULL,"1007088","04","ACTIVE",NULL,"8","谢冰冰","3","GC0013",0,NULL
193,"GV0011","高雅","0","P10032433","CCFH0603CR33J","LLQ1608-FR33J","0603绕线电感 330NH 5% 电气性能、包装及编带和TOKO P/N:LLQ1608-FR33J一致",0.025,"0",0,"",NULL,100000,2500,0,"201008","2010-01-03",NULL,"1007088","04","ACTIVE",NULL,"8","谢冰冰","3","GC0013",0,NULL
194,"GV0012","威雅利","0","P10032448","DLW21SN181SQ2L","DLW21SN181SQ2L","0805 180 OHM",0.068,"0",0,"",NULL,70000,4760,0,"201008","2010-12-01",NULL,"1007088","04","ACTIVE",NULL,"8","谢冰冰","3","GC0013",0,NULL
195,"GV0012","威雅利","0","P10032448","DLW21SN181SQ2L","DLW21SN181SQ2L","0805 180 OHM",0.068,"0",0,"",NULL,70000,4760,0,"201008","2010-01-03",NULL,"1007088","04","ACTIVE",NULL,"8","谢冰冰","3","GC0013",0,NULL
196,"GV0012","威雅利","0","P10032448","DLW21SN181SQ2L","DLW21SN181SQ2L","0805 180 OHM",0.068,"0",0,"",NULL,60000,4080,0,"201008","2010-02-09",NULL,"1007088","04","ACTIVE",NULL,"8","谢冰冰","3","GC0013",0,NULL
197,"GV0012","威雅利","0","P10032448","DLW21SN181SQ2L","DLW21SN181SQ2L","0805 180 OHM",0.068,"0",0,"",NULL,50000,3400,0,"201008","2010-03-01",NULL,"1007088","04","ACTIVE",NULL,"8","谢冰冰","3","GC0013",0,NULL
198,"GV0028","华龙东光RMB","0","P10032459","A7503CY-330M","A7503CY-330M","TOKO",0.65,"1",0.17,"",NULL,71000,46150,0,"201008","2010-12-01",NULL,"1007088","04","ACTIVE",NULL,"8","谢冰冰","1","GC0013",0.17,NULL
199,"GV0028","华龙东光RMB","0","P10032459","A7503CY-330M","A7503CY-330M","TOKO",0.65,"1",0.17,"",NULL,70000,45500,0,"201008","2010-01-03",NULL,"1007088","04","ACTIVE",NULL,"8","谢冰冰","1","GC0013",0.17,NULL
200,"GV0028","华龙东光RMB","0","P10032459","A7503CY-330M","A7503CY-330M","TOKO",0.65,"1",0.17,"",NULL,60000,39000,0,"201008","2010-02-09",NULL,"1007088","04","ACTIVE",NULL,"8","谢冰冰","1","GC0013",0.17,NULL
201,"GV0028","华龙东光RMB","0","P10032459","A7503CY-330M","A7503CY-330M","TOKO",0.65,"1",0.17,"",NULL,50000,32500,0,"201008","2010-03-01",NULL,"1007088","04","ACTIVE",NULL,"8","谢冰冰","1","GC0013",0.17,NULL
202,"GV0001","科翔兴","0","P10032477","ELJPA560KF","ELJPA560KF-G","3225 56UH",0.0192,"0",0,"机型：872EC 生产单号：RYE-100330-02",NULL,10000,192,0,"201008","2010-08-10",NULL,"2010061003","04","ACTIVE",NULL,"8","谢冰冰","1","GC0064",0,NULL
203,"GV0001","科翔兴","0","P10032477","ELJPA560KF","ELJPA560KF-G","3225 56UH",0.0192,"0",0,"",NULL,10000,192,0,"201008","2010-08-10",NULL,"2010070104","04","ACTIVE",NULL,"8","谢冰冰","1","GC0064",0,NULL
204,"GV0001","科翔兴","0","P10032477","ELJPA560KF","ELJPA560KF-G","3225 56UH",0.0192,"0",0,"",NULL,10000,192,0,"201008","2010-08-10",NULL,"2010080501","04","ACTIVE",NULL,"8","谢冰冰","1","GC0064",0,NULL
205,"GV0005","今凯","0","P10032491","CKRH74-102M","GCRH74-102M","74 1000UH +/-20%",0.6,"1",0.17,"",NULL,3000,1800,0,"201008","2010-08-10",NULL,"FA-PO-A20100713007","04","ACTIVE",NULL,"8","谢冰冰","1","GC0016",0.17,NULL
206,"GV0005","今凯","0","P10032491","CKRH74-102M","GCRH74-102M","74 1000UH +/-20%",0.6,"1",0.17,"",NULL,3000,1800,0,"201008","2010-08-10",NULL,"FA-PO-A20100713007","04","ACTIVE",NULL,"8","谢冰冰","1","GC0016",0.17,NULL
207,"GV0005","今凯","0","P10032491","CKRH125-470M","GCRH125-470M","125 47UH +/-20%",0.66,"1",0.17,"",NULL,3000,1980,0,"201008","2010-08-10",NULL,"FA-PO-A20100713007","04","ACTIVE",NULL,"8","谢冰冰","1","GC0016",0.17,NULL
208,"GV0005","今凯","0","P10032491","CKRH125-470M","GCRH125-470M","125 47UH +/-20%",0.66,"1",0.17,"",NULL,2500,1650,0,"201008","2010-08-10",NULL,"FA-PO-A20100713007","04","ACTIVE",NULL,"8","谢冰冰","1","GC0016",0.17,NULL
209,"GV0014","科宏茂","0","P10032561","SDFL1608LR15KT(f)","SDFL1608LR15KT(f)","0603 150NH +/-10%",0.033,"0",0,"",NULL,36000,1188,0,"201008","2010-09-01",NULL,"PG4865","04","ACTIVE",NULL,"8","谢冰冰","1","GC0069",0,NULL
210,"GV0014","科宏茂","0","P10032561","SDFL1608LR15KT(f)","SDFL1608LR15KT(f)","0603 150NH +/-10%",0.033,"0",0,"",NULL,56000,1848,0,"201008","2010-09-01",NULL,"PG4865","04","ACTIVE",NULL,"8","谢冰冰","1","GC0069",0,NULL
211,"GV0005","今凯","0","P10032588","CKRH2D18A/HP-4R7NC","GCRH2D18A/HP-4R7NC","2D18A/HP 4.7UH 高度2MM DCR小于78M欧 可耐电流0.63A +/-25% 对角型脚位",0.473,"1",0.17,"",NULL,100000,47300,0,"201008","2010-08-20",NULL,"PO2010070191","04","ACTIVE",NULL,"8","谢冰冰","1","GC0048",0.17,NULL
212,"GV0005","今凯","0","P10032615","CKD52-4R7NC","GCD52-4R7NC","52 4.7UH +/-25%",0.324,"1",0.17,"",NULL,826,267.62,0,"201008","2010-09-20",NULL,"PG4907","04","ACTIVE",NULL,"8","谢冰冰","1","GC0069",0.17,NULL
213,"GV0005","今凯","0","P10032666","CKRH2D14AT-1R5NC","GCRH2D14AT-1R5NC","2000mA 1.5UH 对角型脚位 +/-30%",0.473,"1",0.17,"",NULL,1000,473,0,"201008","2010-08-15",NULL,"1007B0000642","04","ACTIVE",NULL,"8","谢冰冰","1","GC0120",0.17,NULL
214,"GV0005","今凯","0","P10032666","CKRH3D28A-101NC","GCRH3D28/LD-101NC","3D28 100UH +/-25% 半月型脚位\r\n",0.48,"1",0.17,"",NULL,2500,1200,0,"201008","2010-08-15",NULL,"201007026004","04","ACTIVE",NULL,"8","谢冰冰","1","GC0127",0.17,NULL
215,"GV0005","今凯","0","P10032666","CKRH104R-101NC","GCRH104R-101NC","104R 100UH +/-25%\r\n",0.68,"1",0.17,"",NULL,2000,1360,0,"201008","2010-08-10",NULL,"CG-10-07-29-1525","04","ACTIVE",NULL,"8","谢冰冰","1","GC0049",0.17,NULL
216,"GV0003","华龙东光","0","P10032709","#FSLM2520-2R7J=P2","#FSLM2520-2R7J=P2","TOKO",0.028,"0",0,"",NULL,60000,1680,0,"201008","2010-11-01",NULL,"1007447","04","ACTIVE",NULL,"8","谢冰冰","1","GC0013",0,NULL
217,"GV0003","华龙东光","0","P10032709","#FSLM2520-2R7J=P2","#FSLM2520-2R7J=P2","TOKO",0.028,"0",0,"",NULL,60000,1680,0,"201008","2010-12-01",NULL,"1007447","04","ACTIVE",NULL,"8","谢冰冰","1","GC0013",0,NULL
218,"GV0003","华龙东光","0","P10032709","#FSLM2520-2R7J=P2","#FSLM2520-2R7J=P2","TOKO",0.028,"0",0,"",NULL,70000,1960,0,"201008","2011-01-03",NULL,"1007447","04","ACTIVE",NULL,"8","谢冰冰","1","GC0013",0,NULL
219,"GV0003","华龙东光","0","P10032709","#FSLM2520-2R7J=P2","#FSLM2520-2R7J=P2","TOKO",0.028,"0",0,"",NULL,70000,1960,0,"201008","2011-02-09",NULL,"1007447","04","ACTIVE",NULL,"8","谢冰冰","1","GC0013",0,NULL
220,"GV0003","华龙东光","0","P10032709","#FSLM2520-2R7J=P2","#FSLM2520-2R7J=P2","TOKO",0.028,"0",0,"",NULL,40000,1120,0,"201008","2011-03-01",NULL,"1007447","04","ACTIVE",NULL,"8","谢冰冰","1","GC0013",0,NULL
221,"GV0003","华龙东光","0","P10032709","#FSLM2520-221J=P2","#FSLM2520-221J=P2","TOKO",0.028,"0",0,"",NULL,30000,840,0,"201008","2010-08-10",NULL,"GH20100233","04","ACTIVE",NULL,"8","谢冰冰","1","GC0121",0,NULL
222,"GV0003","华龙东光","0","P10032709","LL1608-FSL15NJ","GLE-15NJ-L-01","TOKO",0.0084,"0",0,"",NULL,52000,436.8,0,"201008","2010-08-16",NULL,"GH20100233","04","ACTIVE",NULL,"8","谢冰冰","1","GC0121",0,NULL
223,"GV0003","华龙东光","0","P10032709","#892NBS-470M=P3","#892NBS-470M=P3","TOKO",0.28,"0",0,"可确定明细",NULL,1500,420,0,"201008","2010-09-10",NULL,"GR-GD1012Z","04","ACTIVE",NULL,"8","谢冰冰","1","GC0005",0,NULL
224,"GV0003","华龙东光","0","P10032709","#126ANS-T1098Z","GLE-1098-L-01","TOKO",0.121,"0",0,"可确定明细",NULL,2000,242,0,"201008","2010-09-10",NULL,"GR-GD1012Z","04","ACTIVE",NULL,"8","谢冰冰","1","GC0005",0,NULL
225,"GV0003","华龙东光","0","P10032709","#5PLC-1055Z","GLE-1055-L-01","TOKO",0.194,"0",0,"可确定明细",NULL,2000,388,0,"201008","2010-09-10",NULL,"GR-GD1012Z","04","ACTIVE",NULL,"8","谢冰冰","1","GC0005",0,NULL
226,"GV0003","华龙东光","0","P10032709","LL1608-FSL8N2J","LL1608-FSL8N2J","TOKO\r\n",0.0084,"0",0,"可确定明细",NULL,20000,168,0,"201008","2010-09-10",NULL,"GR-GD1014Z","04","ACTIVE",NULL,"8","谢冰冰","1","GC0005",0,NULL
227,"GV0003","华龙东光","0","P10032709","#A921CY-100M=P3","GLE-100M-L-02","TOKO",0.119,"0",0,"可确定明细",NULL,15000,1785,0,"201008","2010-09-10",NULL,"GR-GD1017Z","04","ACTIVE",NULL,"8","谢冰冰","1","GC0005",0,NULL
228,"GV0003","华龙东光","0","P10032709","#875FU-682M=P3","GLE-0682-L-01","TOKO",0.097,"0",0,"可确定明细",NULL,6000,582,0,"201008","2010-09-10",NULL,"GR-GD1017Z","04","ACTIVE",NULL,"8","谢冰冰","1","GC0005",0,NULL
229,"GV0003","华龙东光","0","P10032709","#919AS-1R8N=P3","#919AS-1R8N=P3","TOKO",0.19,"0",0,"可确定明细",NULL,2500,475,0,"201008","2010-09-10",NULL,"GR-GD1017Z","04","ACTIVE",NULL,"8","谢冰冰","1","GC0005",0,NULL
230,"GV0003","华龙东光","0","P10032709","LL1608-FSL6N8J","LL1608-FSL6N8J","TOKO\r\n",0.0084,"0",0,"可确定明细",NULL,28000,235.2,0,"201008","2010-09-10",NULL,"GR-GD1017Z","04","ACTIVE",NULL,"8","谢冰冰","1","GC0005",0,NULL
231,"GV0003","华龙东光","0","P10032709","#A638AN-0156Z=P3","GLE-0156-L-04","松下 3*3-50K欧 #A638AN-0156Z=P3\r\n",0.216,"0",0,"可确定明细",NULL,1500,324,0,"201008","2010-09-10",NULL,"GR-GD1018Z","04","ACTIVE",NULL,"8","谢冰冰","1","GC0005",0,NULL
232,"GV0028","华龙东光RMB","0","P10032710","#A997AS-4R7M","#A997AS-4R7M","4.7UH TOKO",0.76,"1",0.17,"",NULL,2000,1520,0,"201008","2010-09-05",NULL,"PG4907","04","ACTIVE",NULL,"8","谢冰冰","1","GC0069",0.17,NULL
233,"GV0005","今凯","0","P10032722","CKRH105R-101NC","GCRH105R-101NC","105R 100UH +/-25%\r\n",0.836,"1",0.17,"",NULL,800,668.8,0,"201008","2010-08-15",NULL,"201007029006","04","ACTIVE",NULL,"8","谢冰冰","1","GC0127",0.17,NULL
234,"GV0005","今凯","0","P10032722","CKRH127-330NC","GCRH127-330NC","127 33UH +/-25%",0.66,"1",0.17,"",NULL,6000,3960,0,"201008","2010-08-10",NULL,"CZ20100727001","04","ACTIVE",NULL,"8","谢冰冰","1","GC0107",0.17,NULL
235,"GV0005","今凯","0","P10032722","CKRH4D18-331NC","GCRH4D18-331NC","4D18 330UH +/-25%",0.45,"1",0.17,"可确定明细",NULL,4000,1800,0,"201008","2010-08-20",NULL,"YX10072608","04","ACTIVE",NULL,"8","谢冰冰","1","GC0083",0.17,NULL
236,"GV0006","海瑞达","0","P10032736","HSM32-3R3NC","GCD32-3R3NC","32 3.3UH  +/-25%25%\r\n",0.162,"1",0.17,"",NULL,12000,1944,0,"201008","2010-08-09",NULL,"PO10072730","04","ACTIVE",NULL,"8","谢冰冰","1","GC0031",0.17,NULL
237,"GV0018","天河","0","P10032746","SPT0508A-471KR28-PF","SPT0508A-471KR28-PF","TDK 电感 Inductor 470uH",0.25,"0",0,"旧型号：6978-0206",NULL,28000,7000,0,"201008","2010-08-10",NULL,"4503040991","04","ACTIVE",NULL,"8","谢冰冰","2","GC0103",0,NULL
238,"GV0006","海瑞达","0","P10032755","HSMRH105R-111K","GCRH105R-111K","105R 110UH +/-10%",0.5,"1",0.17,"",NULL,2000,1000,0,"201008","2010-08-08",NULL,"PO10072208","04","ACTIVE",NULL,"8","谢冰冰","1","GC0070",0.17,NULL
239,"GV0006","海瑞达","0","P10032755","PK0910-100M","GCP0910-100M","DR09L12AM10UX/10UH/3.6A/pin 间距5mm\r\n",0.173,"1",0.17,"",NULL,400,69.2,0,"201008","2010-08-10",NULL,"XWTPO100721002","04","ACTIVE",NULL,"8","谢冰冰","1","GC0044",0.17,NULL
240,"GV0005","今凯","0","P10032762","CKRH2D18A/HP-1R0NC","GCRH2D18A/HP-1R0NC","2D18 1UH +/-25% 对角型脚位 大电流\r\n",0.473,"1",0.17,"",NULL,1000,473,0,"201008","2010-08-09",NULL,"POORD004637","04","ACTIVE",NULL,"8","谢冰冰","1","GC0028",0.17,NULL
241,"GV0005","今凯","0","P10032781","CKRH3D16A/HP-1R5M","GCRH3D16A/HP-1R5M","3D16 1.5UH +/-20% 对角型脚位 大电流\r\n",0.48,"1",0.17,"",NULL,1000,480,0,"201008","2010-08-08",NULL,"1007B0001095","04","ACTIVE",NULL,"8","谢冰冰","1","GC0120",0.17,NULL
242,"GV0005","今凯","0","P10032781","CKRH8D43-100NC","GCRH8D43-100NC","8D43 10UH +/-25%\r\n",0.68,"1",0.17,"",NULL,1000,680,0,"201008","2010-08-10",NULL,"CG-10-08-04-1607","04","ACTIVE",NULL,"8","谢冰冰","1","GC0049",0.17,NULL
243,"GV0005","今凯","0","P10032781","CKRH104R-101NC","GCRH104R-101NC","104R 100UH +/-25%\r\n",0.68,"1",0.17,"",NULL,1000,680,0,"201008","2010-08-10",NULL,"CG-10-08-04-1607","04","ACTIVE",NULL,"8","谢冰冰","1","GC0049",0.17,NULL
244,"GV0005","今凯","0","P10032781","CKRH3D14A-100NC","GCRH3D14A-100NC","3D14A 10UH +/-25% 对角型脚位",0.48,"1",0.17,"",NULL,6000,2880,0,"201008","2010-10-04",NULL,"CGDD0330","04","ACTIVE",NULL,"8","谢冰冰","1","GC0112",0.17,NULL
245,"GV0005","今凯","0","P10032781","CKRH4D18-471M","GCRH4D18-471M","4D18 470UH +/-20%",0.45,"1",0.17,"",NULL,11500,5175,0,"201008","2010-08-10",NULL,"GH20100248-1","04","ACTIVE",NULL,"8","谢冰冰","1","GC0098",0.17,NULL
246,"GV0005","今凯","0","P10032781","CKRH4D18-331NC","GCRH4D18-331NC","4D18 330UH +/-25%",0.45,"1",0.17,"",NULL,30000,13500,0,"201008","2010-08-10",NULL,"GH20100248-1","04","ACTIVE",NULL,"8","谢冰冰","1","GC0098",0.17,NULL
247,"GV0005","今凯","0","P10032781","CKD75-470NC","GCD75-470M","75 47UH +/-20% 1.5A",0.378,"1",0.17,"",NULL,1000,378,0,"201008","2010-08-10",NULL,"GH20100248-1","04","ACTIVE",NULL,"8","谢冰冰","1","GC0098",0.17,NULL
248,"GV0005","今凯","0","P10032781","CKRH3D28-470NC","GCRH3D28-470NC","3D28 47UH +/-25% 半月型脚位",0.48,"1",0.17,"可确定明细",NULL,25000,12000,0,"201008","2010-08-15",NULL,"YX10073101","04","ACTIVE",NULL,"8","谢冰冰","1","GC0083",0.17,NULL
249,"GV0006","海瑞达","0","P10032795","HSMRH63B-561M","GCRH63B-561M-D","63B 560UH +/-20% 封胶",0.5,"1",0.17,"",NULL,10000,5000,0,"201008","2010-08-10",NULL,"GH20100246","04","ACTIVE",NULL,"8","谢冰冰","1","GC0084",0.17,NULL
250,"GV0006","海瑞达","0","P10032795","HSMRH63B-151K","GCRH63B-151K","63B 150UH +/-10%\r\n",0.5,"1",0.17,"",NULL,2000,1000,0,"201008","2010-08-09",NULL,"GH20100250","04","ACTIVE",NULL,"8","谢冰冰","1","GC0084",0.17,NULL
251,"GV0005","今凯","0","P10032800-1","CKD43-471M","GCD43-471M","43 470UH +/-20%",0.23,"1",0.17,"",NULL,10000,2300,0,"201008","2010-08-10",NULL,"1008004","04","ACTIVE",NULL,"8","谢冰冰","1","GC0050",0.17,NULL
252,"GV0031","格莱尔","0","P10032800","GCD32-220NC","GCD32-220NC","32 22UH +/-25%",0.238,"1",0,"",NULL,2000,476,0,"201008","2010-08-15",NULL,"W88-614005","04","ACTIVE",NULL,"8","谢冰冰","1","GC0131",0.17,NULL
253,"GV0031","格莱尔","0","P10032800","GCD32-470NC","GCD32-470NC","32 47UH +/-25%",0.238,"1",0,"",NULL,2000,476,0,"201008","2010-08-15",NULL,"W88-614005","04","ACTIVE",NULL,"8","谢冰冰","1","GC0131",0.17,NULL
254,"GV0011","高雅","0","P10032812","CCFH0603CR33J","LLQ1608-FR33J","0603绕线电感 330NH 5% 电气性能、包装及编带和TOKO P/N:LLQ1608-FR33J一致",0.025,"0",0,"",NULL,60000,1500,0,"201008","2010-11-01",NULL,"1007447","04","ACTIVE",NULL,"8","谢冰冰","3","GC0013",0,NULL
255,"GV0011","高雅","0","P10032812","CCFH0603CR33J","LLQ1608-FR33J","0603绕线电感 330NH 5% 电气性能、包装及编带和TOKO P/N:LLQ1608-FR33J一致",0.025,"0",0,"",NULL,60000,1500,0,"201008","2010-12-01",NULL,"1007447","04","ACTIVE",NULL,"8","谢冰冰","3","GC0013",0,NULL
256,"GV0011","高雅","0","P10032812","CCFH0603CR33J","LLQ1608-FR33J","0603绕线电感 330NH 5% 电气性能、包装及编带和TOKO P/N:LLQ1608-FR33J一致",0.025,"0",0,"",NULL,72000,1800,0,"201008","2011-01-03",NULL,"1007447","04","ACTIVE",NULL,"8","谢冰冰","3","GC0013",0,NULL
257,"GV0011","高雅","0","P10032812","CCFH0603CR33J","LLQ1608-FR33J","0603绕线电感 330NH 5% 电气性能、包装及编带和TOKO P/N:LLQ1608-FR33J一致",0.025,"0",0,"",NULL,69000,1725,0,"201008","2011-02-09",NULL,"1007447","04","ACTIVE",NULL,"8","谢冰冰","3","GC0013",0,NULL
258,"GV0011","高雅","0","P10032812","CCFH0603CR33J","LLQ1608-FR33J","0603绕线电感 330NH 5% 电气性能、包装及编带和TOKO P/N:LLQ1608-FR33J一致",0.025,"0",0,"",NULL,42000,1050,0,"201008","2011-03-01",NULL,"1007447","04","ACTIVE",NULL,"8","谢冰冰","3","GC0013",0,NULL
259,"GV0009","麦捷微","0","P10032835","0603 100MHZ 600欧","GCZ1608D601TF","0603 100MHZ 600欧",0.016,"1",0.17,"",NULL,16000,256,0,"201008","2010-08-09",NULL,"PO10072721","04","ACTIVE",NULL,"8","谢冰冰","3","GC0031",0.17,NULL
260,"GV0009","麦捷微","0","P10032835","0603 100MHZ 600欧","GCZ1608D601TF","0603 100MHZ 600欧",0.016,"1",0.17,"",NULL,8000,128,0,"201008","2010-08-15",NULL,"PO10080314","04","ACTIVE",NULL,"8","谢冰冰","3","GC0031",0.17,NULL
261,"GV0009","麦捷微","0","P10032835","0603 100MHZ 600欧","GCZ1608D601TF","0603 100MHZ 600欧",0.016,"1",0.17,"",NULL,16000,256,0,"201008","2010-08-15",NULL,"PO10080614","04","ACTIVE",NULL,"8","谢冰冰","3","GC0031",0.17,NULL
262,"GV0005","今凯","0","P10032855","CKRH127-330NC","GCRH127-330NC","127 33UH +/-25%",0.66,"1",0.17,"",NULL,4000,2640,0,"201008","2010-08-11",NULL,"CZ20100806001","04","ACTIVE",NULL,"8","谢冰冰","1","GC0107",0.17,NULL
263,"GV0009","麦捷微","0","P10032877","0603 100MHZ 600欧","GCZ1608D601TF","0603 100MHZ 600欧",0.016,"1",0.17,"",NULL,20000,320,0,"201008","2010-08-15",NULL,"PO10080314","04","ACTIVE",NULL,"8","谢冰冰","3","GC0031",0.17,NULL
264,"GV0029","忠瀚电子","0","P10032881","KB1381 1A12V","EPC17 DIP-10","EPC17 DIP-10\r\n",2.2,"1",0.17,"",NULL,300,660,0,"201008","2010-08-09",NULL,"DPO10080073","04","ACTIVE",NULL,"8","谢冰冰","2","GC0018",0.17,NULL
265,"GV0020","天旺","0","P10032895","MM3Z6V2","MM3Z6V2","二极管6.2V SOD-323,BZT52C6V2SDICT-ND  先科ST",0.079,"0",0,"MHP-276-12",NULL,3000,237,0,"201008","2010-08-30",NULL,"P0R071172FY","04","ACTIVE",NULL,"8","谢冰冰","2","GC0067",0,NULL
266,"GV0020","天旺","0","P10032895","MM3Z6V2","MM3Z6V2","二极管6.2V SOD-323,BZT52C6V2SDICT-ND  先科ST",0.079,"0",0,"MHP-276-12",NULL,12000,948,0,"201008","2010-09-01",NULL,"P0R071375FY","04","ACTIVE",NULL,"8","谢冰冰","2","GC0067",0,NULL
267,"GV0003","华龙东光","0","P10032900","A960AW-100M","A960AW-100M","TOKO\r\n",0.098,"0",0,"",NULL,10000,980,0,"201008","2010-09-10",NULL,"GH20100249","04","ACTIVE",NULL,"8","谢冰冰","1","GC0121",0,NULL
268,"GV0003","华龙东光","0","P10032900","#919AS-1R8N=P3","#919AS-1R8N=P3","TOKO",0.19,"0",0,"可确定明细",NULL,1000,190,0,"201008","2010-09-10",NULL,"GR-GD1019Z","04","ACTIVE",NULL,"8","谢冰冰","1","GC0005",0,NULL
269,"GV0003","华龙东光","0","P10032900","#919AS-4R7M=P3","#919AS-4R7M=P3","TOKO",0.19,"0",0,"可确定明细",NULL,2000,380,0,"201008","2010-09-10",NULL,"GR-GD1019Z","04","ACTIVE",NULL,"8","谢冰冰","1","GC0005",0,NULL
270,"GV0003","华龙东光","0","P10032900","LL1608-FSL8N2J","LL1608-FSL8N2J","TOKO\r\n",0.0084,"0",0,"可确定明细",NULL,28000,235.2,0,"201008","2010-09-10",NULL,"GR-GD1019Z","04","ACTIVE",NULL,"8","谢冰冰","1","GC0005",0,NULL
271,"GV0032","坚发（税）","0","P10032915","#4DFA-1227B-11=P","#4DFA-1227B-11=P","滤波器 封装：4DFA",26,"1",0.17,"可确定明细",NULL,1000,26000,0,"201008","2010-08-10",NULL,"CGDD0057","04","ACTIVE",NULL,"8","谢冰冰","1","GC0112",0.17,NULL
272,"GV0032","坚发（税）","0","P10032915","#4DFA-1575B-12=P","#4DFA-1575B-12=P","滤波器 封装：4DFA",26,"1",0.17,"",NULL,1000,26000,0,"201008","2010-08-15",NULL,"CGDD0057","04","ACTIVE",NULL,"8","谢冰冰","1","GC0112",0.17,NULL
273,"GV0032","坚发（税）","0","P10032915","#4DFA-1227B-11=P","#4DFA-1227B-11=P","滤波器 封装：4DFA",26,"1",0.17,"",NULL,2000,52000,0,"201008","2010-11-08",NULL,"CGDD0323","04","ACTIVE",NULL,"8","谢冰冰","1","GC0112",0.17,NULL
274,"GV0032","坚发（税）","0","P10032915","#4DFA-1575B-12=P","#4DFA-1575B-12=P","滤波器 封装：4DFA",26,"1",0.17,"",NULL,2000,52000,0,"201008","2010-08-10",NULL,"CGDD0323","04","ACTIVE",NULL,"8","谢冰冰","1","GC0112",0.17,NULL
275,"GV0032","坚发（税）","0","P10032915","#4DFA-1227B-11=P","#4DFA-1227B-11=P","滤波器 封装：4DFA",26,"1",0.17,"",NULL,2000,52000,0,"201008","2010-08-10",NULL,"CGDD0325","04","ACTIVE",NULL,"8","谢冰冰","1","GC0112",0.17,NULL
276,"GV0032","坚发（税）","0","P10032915","#4DFA-1575B-12=P","#4DFA-1575B-12=P","滤波器 封装：4DFA",26,"1",0.17,"",NULL,2000,52000,0,"201008","2010-08-10",NULL,"CGDD0325","04","ACTIVE",NULL,"8","谢冰冰","1","GC0112",0.17,NULL
277,"GV0001","科翔兴","0","P10032933","ELJFC4R7KF","ELJFC4R7KF-G","2520 4.7UH +/-10%",0.0192,"0",0,"",NULL,72000,1382.4,0,"201008","2010-12-01",NULL,"1007088","04","ACTIVE",NULL,"8","谢冰冰","1","GC0013",0,NULL
278,"GV0001","科翔兴","0","P10032933","ELJFC4R7KF","ELJFC4R7KF-G","2520 4.7UH +/-10%",0.0192,"0",0,"",NULL,72000,1382.4,0,"201008","2011-01-03",NULL,"1007088","04","ACTIVE",NULL,"8","谢冰冰","1","GC0013",0,NULL
279,"GV0001","科翔兴","0","P10032933","ELJFC4R7KF","ELJFC4R7KF-G","2520 4.7UH +/-10%",0.0192,"0",0,"",NULL,60000,1152,0,"201008","2011-02-09",NULL,"1007088","04","ACTIVE",NULL,"8","谢冰冰","1","GC0013",0,NULL
280,"GV0001","科翔兴","0","P10032933","ELJFC4R7KF","ELJFC4R7KF-G","2520 4.7UH +/-10%",0.0192,"0",0,"",NULL,46000,883.2,0,"201008","2011-03-01",NULL,"1007088","04","ACTIVE",NULL,"8","谢冰冰","1","GC0013",0,NULL
281,"GV0005","今凯","0","P20032781","CKRH3D14A-4R7NC","GCRH3D14A-4R7NC","3D14A 4.7UH +/-25% 对角型脚位",0.48,"1",0.17,"",NULL,6000,2880,0,"201008","2010-10-04",NULL,"CGDD0330","04","ACTIVE",NULL,"8","谢冰冰","1","GC0112",0.17,NULL
